<?xml version="1.0" encoding="utf-8"?>
<!-- This file is AndroidManifest.xml -->
<manifest xmlns:android="http://schemas.android.com/apk/res/android"
      package="com.androidbook.translation"
      android:versionName="1.0"
      android:versionCode="1" >

    <application android:label="Translate" 
        android:icon="@drawable/icon">

        <activity android:name="MainActivity" android:label="Translate">
            <intent-filter>
                <action android:name="android.intent.action.MAIN" />
                <category android:name="android.intent.category.DEFAULT" />
                <category android:name="android.intent.category.LAUNCHER" />
            </intent-filter>
        </activity>

        <service android:name="TranslateService" android:label="Translate">
            <intent-filter>
                <action android:name="android.intent.action.VIEW" />
                <category android:name="android.intent.category.DEFAULT" />
            </intent-filter>
        </service>
    </application>
    <uses-permission android:name="android.permission.INTERNET" />
</manifest>

