<?xml version="1.0" encoding="utf-8"?>
<!-- This file is AndroidManifest.xml -->
<manifest xmlns:android="http://schemas.android.com/apk/res/android"
      package="com.syh"
      android:versionCode="1"
      android:versionName="1.0">
    <application android:icon="@drawable/icon" android:label="@string/app_name">
        <activity android:name=".MainActivity"
                  android:label="@string/app_name">
            <intent-filter>
                <action android:name="android.intent.action.MAIN" />
                <category android:name="android.intent.category.LAUNCHER" />
            </intent-filter>
        </activity>

        <activity android:name=".FlightPreferenceActivity"
                  android:label="@string/prefTitle">
            <intent-filter>
                <action android:name="com.syh.intent.action.FlightPreferences" />
                <category android:name="android.intent.category.PREFERENCE" />
            </intent-filter>
        </activity>

    </application>
    <uses-sdk android:minSdkVersion="3" />

</manifest>

