<?xml version="1.0"?>
<?xml-stylesheet type="text/xsl" href="/rss/ndbcrss.xsl"?>
<rss version="2.0" xmlns:georss="http://www.georss.org/georss" xmlns:dc="http://purl.org/dc/elements/1.1/">
  <channel>
    <title>NDBC - Station Observations near 37N 122W</title>
    <description><![CDATA[This feed shows recent marine weather observations from NDBC and its partners within 100 nautical miles of 37N 122W.]]></description>
    <link>http://www.ndbc.noaa.gov/</link>
    <pubDate>Sun, 16 Nov 2008 16:30:01 UT</pubDate>
    <lastBuildDate>Sun, 16 Nov 2008 16:30:01 UT</lastBuildDate>

    <ttl>5</ttl>
    <language>en-us</language>
    <managingEditor>webmaster.ndbc@noaa.gov</managingEditor>
    <webMaster>webmaster.ndbc@noaa.gov</webMaster>
    <image>
      <url>http://weather.gov/images/xml_logo.gif</url>

      <title>NOAA - National Weather Service</title>
      <link>http://www.ndbc.noaa.gov/</link>
    </image>
    <item>
      <pubDate>Sun, 16 Nov 2008 16:30:01 UT</pubDate>
      <title>Station 46091</title>
      <description><![CDATA[
        <strong>November 16, 2008 7:28 am PST</strong><br />
        <strong>Location:</strong> 36.835N 121.899W or 11 nautical miles SSE of search location of 37N 122W.<br />
        <strong>Atmospheric Pressure:</strong> 30.05 in (1017.5 mb)<br />
        <strong>Pressure Tendency:</strong> +0.01 in (+0.3 mb)<br />
        <strong>Air Temperature:</strong> 55&#176;F (12.9&#176;C)<br />
      ]]></description>

      <link>http://www.ndbc.noaa.gov/station_page.php?station=46091</link>
      <guid>http://www.ndbc.noaa.gov/station_page.php?station=46091</guid>
      <georss:point>36.835 -121.899</georss:point>
    </item>
    <item>
      <pubDate>Sun, 16 Nov 2008 16:30:00 UT</pubDate>
      <title>Station 46236</title>

      <description><![CDATA[
        <strong>November 16, 2008 7:33 am PST</strong><br />
        <strong>Location:</strong> 36.761N 121.947W or 15 nautical miles S of search location of 37N 122W.<br />
        <strong>Significant Wave Height:</strong> 4 ft<br />
        <strong>Dominant Wave Period:</strong> 11 sec<br />
        <strong>Water Temperature:</strong> 56&#176;F (13.1&#176;C)<br />
      ]]></description>
      <link>http://www.ndbc.noaa.gov/station_page.php?station=46236</link>
      <guid>http://www.ndbc.noaa.gov/station_page.php?station=46236</guid>
      <georss:point>36.761 -121.947</georss:point>
    </item>
    <item>
      <pubDate>Sun, 16 Nov 2008 16:29:59 UT</pubDate>

      <title>Station ELXC1</title>
      <description><![CDATA[
        <strong>November 16, 2008 7:30 am PST</strong><br />
        <strong>Location:</strong> 36.815N 121.738W or 17 nautical miles SE of search location of 37N 122W.<br />
        <strong>Wind Direction:</strong> S (170&#176;)<br />
        <strong>Wind Speed:</strong> 3 knots<br />
        <strong>Atmospheric Pressure:</strong> 30.06 in (1018.0 mb)<br />
        <strong>Air Temperature:</strong> 62&#176;F (16.6&#176;C)<br />
        <strong>Dew Point:</strong> 46&#176;F (7.9&#176;C)<br />
      ]]></description>
      <link>http://www.ndbc.noaa.gov/station_page.php?station=elxc1</link>
      <guid>http://www.ndbc.noaa.gov/station_page.php?station=elxc1</guid>
      <georss:point>36.815 -121.738</georss:point>
    </item>
    <item>

      <pubDate>Sun, 16 Nov 2008 16:29:58 UT</pubDate>
      <title>Station MTYC1</title>
      <description><![CDATA[
        <strong>November 16, 2008 8:06 am PST</strong><br />
        <strong>Location:</strong> 36.605N 121.888W or 24 nautical miles SSE of search location of 37N 122W.<br />
        <strong>Water Temperature:</strong> 56&#176;F (13.5&#176;C)<br />
      ]]></description>
      <link>http://www.ndbc.noaa.gov/station_page.php?station=mtyc1</link>
      <guid>http://www.ndbc.noaa.gov/station_page.php?station=mtyc1</guid>
      <georss:point>36.605 -121.888</georss:point>

    </item>
    <item>
      <pubDate>Sun, 16 Nov 2008 16:29:57 UT</pubDate>
      <title>Station 46042</title>
      <description><![CDATA[
        <strong>November 16, 2008 7:50 am PST</strong><br />
        <strong>Location:</strong> 36.753N 122.423W or 25 nautical miles SW of search location of 37N 122W.<br />
        <strong>Wind Direction:</strong> NE (40&#176;)<br />
        <strong>Wind Speed:</strong> 8 knots<br />
        <strong>Wind Gust:</strong> 10 knots<br />
        <strong>Significant Wave Height:</strong> 5 ft<br />
        <strong>Dominant Wave Period:</strong> 13 sec<br />
        <strong>Atmospheric Pressure:</strong> 30.07 in (1018.3 mb)<br />
        <strong>Pressure Tendency:</strong> +0.03 in (+1.0 mb)<br />
        <strong>Air Temperature:</strong> 60&#176;F (15.5&#176;C)<br />
        <strong>Water Temperature:</strong> 57&#176;F (13.7&#176;C)<br />
      ]]></description>
      <link>http://www.ndbc.noaa.gov/station_page.php?station=46042</link>
      <guid>http://www.ndbc.noaa.gov/station_page.php?station=46042</guid>

      <georss:point>36.753 -122.423</georss:point>
    </item>
    <item>
      <pubDate>Sun, 16 Nov 2008 16:29:56 UT</pubDate>
      <title>Station 46093</title>
      <description><![CDATA[
        <strong>November 16, 2008 7:01 am PST</strong><br />
        <strong>Location:</strong> 36.69N 122.41W or 27 nautical miles SW of search location of 37N 122W.<br />
        <strong>Wind Direction:</strong> NE (50&#176;)<br />
        <strong>Wind Speed:</strong> 10 knots<br />
        <strong>Atmospheric Pressure:</strong> 30.06 in (1017.8 mb)<br />
        <strong>Pressure Tendency:</strong> +0.01 in (+0.4 mb)<br />
        <strong>Air Temperature:</strong> 59&#176;F (15.0&#176;C)<br />
        <strong>Water Temperature:</strong> 57&#176;F (13.7&#176;C)<br />
      ]]></description>
      <link>http://www.ndbc.noaa.gov/station_page.php?station=46093</link>

      <guid>http://www.ndbc.noaa.gov/station_page.php?station=46093</guid>
      <georss:point>36.690 -122.410</georss:point>
    </item>
    <item>
      <pubDate>Sun, 16 Nov 2008 16:29:55 UT</pubDate>
      <title>Station RTYC1</title>
      <description><![CDATA[
        <strong>November 16, 2008 8:12 am PST</strong><br />
        <strong>Location:</strong> 37.507N 122.21W or 32 nautical miles NNW of search location of 37N 122W.<br />
        <strong>Wind Direction:</strong> SSW (200&#176;)<br />
        <strong>Wind Speed:</strong> 1 knots<br />
        <strong>Wind Gust:</strong> 2 knots<br />
        <strong>Atmospheric Pressure:</strong> 30.12 in (1020.1 mb)<br />
        <strong>Air Temperature:</strong> 57&#176;F (13.8&#176;C)<br />
        <strong>Water Temperature:</strong> 61&#176;F (16.2&#176;C)<br />
      ]]></description>

      <link>http://www.ndbc.noaa.gov/station_page.php?station=rtyc1</link>
      <guid>http://www.ndbc.noaa.gov/station_page.php?station=rtyc1</guid>
      <georss:point>37.507 -122.210</georss:point>
    </item>
    <item>
      <pubDate>Sun, 16 Nov 2008 16:29:54 UT</pubDate>
      <title>Station 46239</title>

      <description><![CDATA[
        <strong>November 16, 2008 7:10 am PST</strong><br />
        <strong>Location:</strong> 36.338N 122.101W or 40 nautical miles S of search location of 37N 122W.<br />
        <strong>Significant Wave Height:</strong> 6 ft<br />
        <strong>Dominant Wave Period:</strong> 13 sec<br />
        <strong>Water Temperature:</strong> 56&#176;F (13.2&#176;C)<br />
      ]]></description>
      <link>http://www.ndbc.noaa.gov/station_page.php?station=46239</link>
      <guid>http://www.ndbc.noaa.gov/station_page.php?station=46239</guid>
      <georss:point>36.338 -122.101</georss:point>
    </item>
    <item>
      <pubDate>Sun, 16 Nov 2008 16:29:53 UT</pubDate>

      <title>Station 46012</title>
      <description><![CDATA[
        <strong>November 16, 2008 7:50 am PST</strong><br />
        <strong>Location:</strong> 37.361N 122.881W or 47 nautical miles WNW of search location of 37N 122W.<br />
        <strong>Wind Direction:</strong> N (10&#176;)<br />
        <strong>Wind Speed:</strong> 4 knots<br />
        <strong>Wind Gust:</strong> 6 knots<br />
        <strong>Significant Wave Height:</strong> 6 ft<br />
        <strong>Dominant Wave Period:</strong> 14 sec<br />
        <strong>Air Temperature:</strong> 58&#176;F (14.4&#176;C)<br />
      ]]></description>
      <link>http://www.ndbc.noaa.gov/station_page.php?station=46012</link>
      <guid>http://www.ndbc.noaa.gov/station_page.php?station=46012</guid>
      <georss:point>37.361 -122.881</georss:point>
    </item>
    <item>

      <pubDate>Sun, 16 Nov 2008 16:29:52 UT</pubDate>
      <title>Station AAMC1</title>
      <description><![CDATA[
        <strong>November 16, 2008 8:12 am PST</strong><br />
        <strong>Location:</strong> 37.772N 122.298W or 48 nautical miles NNW of search location of 37N 122W.<br />
        <strong>Wind Direction:</strong> N (350&#176;)<br />
        <strong>Wind Speed:</strong> 3 knots<br />
        <strong>Wind Gust:</strong> 3 knots<br />
        <strong>Atmospheric Pressure:</strong> 30.13 in (1020.2 mb)<br />
        <strong>Air Temperature:</strong> 58&#176;F (14.6&#176;C)<br />
        <strong>Water Temperature:</strong> 59&#176;F (15.2&#176;C)<br />
      ]]></description>
      <link>http://www.ndbc.noaa.gov/station_page.php?station=aamc1</link>
      <guid>http://www.ndbc.noaa.gov/station_page.php?station=aamc1</guid>
      <georss:point>37.772 -122.298</georss:point>

    </item>
    <item>
      <pubDate>Sun, 16 Nov 2008 16:29:51 UT</pubDate>
      <title>Station OMHC1</title>
      <description><![CDATA[
        <strong>November 16, 2008 8:12 am PST</strong><br />
        <strong>Location:</strong> 37.8N 122.33W or 51 nautical miles NNW of search location of 37N 122W.<br />
        <strong>Wind Direction:</strong> N (350&#176;)<br />
        <strong>Wind Speed:</strong> 4 knots<br />
        <strong>Wind Gust:</strong> 6 knots<br />
      ]]></description>
      <link>http://www.ndbc.noaa.gov/station_page.php?station=omhc1</link>
      <guid>http://www.ndbc.noaa.gov/station_page.php?station=omhc1</guid>

      <georss:point>37.800 -122.330</georss:point>
    </item>
    <item>
      <pubDate>Sun, 16 Nov 2008 16:29:50 UT</pubDate>
      <title>Station FTPC1</title>
      <description><![CDATA[
        <strong>November 16, 2008 8:12 am PST</strong><br />
        <strong>Location:</strong> 37.807N 122.465W or 53 nautical miles NNW of search location of 37N 122W.<br />
        <strong>Wind Direction:</strong> NNE (30&#176;)<br />
        <strong>Wind Speed:</strong> 8 knots<br />
        <strong>Wind Gust:</strong> 10 knots<br />
        <strong>Atmospheric Pressure:</strong> 30.13 in (1020.4 mb)<br />
        <strong>Air Temperature:</strong> 60&#176;F (15.4&#176;C)<br />
        <strong>Water Temperature:</strong> 57&#176;F (13.8&#176;C)<br />
      ]]></description>
      <link>http://www.ndbc.noaa.gov/station_page.php?station=ftpc1</link>

      <guid>http://www.ndbc.noaa.gov/station_page.php?station=ftpc1</guid>
      <georss:point>37.807 -122.465</georss:point>
    </item>
    <item>
      <pubDate>Sun, 16 Nov 2008 16:29:49 UT</pubDate>
      <title>Station 46237</title>
      <description><![CDATA[
        <strong>November 16, 2008 7:51 am PST</strong><br />
        <strong>Location:</strong> 37.781N 122.599W or 55 nautical miles NNW of search location of 37N 122W.<br />
        <strong>Significant Wave Height:</strong> 5 ft<br />
        <strong>Dominant Wave Period:</strong> 12 sec<br />
        <strong>Water Temperature:</strong> 56&#176;F (13.6&#176;C)<br />
      ]]></description>

      <link>http://www.ndbc.noaa.gov/station_page.php?station=46237</link>
      <guid>http://www.ndbc.noaa.gov/station_page.php?station=46237</guid>
      <georss:point>37.781 -122.599</georss:point>
    </item>
    <item>
      <pubDate>Sun, 16 Nov 2008 16:29:48 UT</pubDate>
      <title>Station TIBC1</title>

      <description><![CDATA[
        <strong>November 16, 2008 8:12 am PST</strong><br />
        <strong>Location:</strong> 37.891N 122.447W or 58 nautical miles NNW of search location of 37N 122W.<br />
        <strong>Wind Direction:</strong> WNW (290&#176;)<br />
        <strong>Wind Speed:</strong> 8 knots<br />
        <strong>Wind Gust:</strong> 10 knots<br />
        <strong>Atmospheric Pressure:</strong> 30.12 in (1020.0 mb)<br />
        <strong>Air Temperature:</strong> 61&#176;F (16.3&#176;C)<br />
        <strong>Dew Point:</strong> 51&#176;F (10.7&#176;C)<br />
      ]]></description>
      <link>http://www.ndbc.noaa.gov/station_page.php?station=tibc1</link>
      <guid>http://www.ndbc.noaa.gov/station_page.php?station=tibc1</guid>
      <georss:point>37.891 -122.447</georss:point>
    </item>
    <item>
      <pubDate>Sun, 16 Nov 2008 16:29:47 UT</pubDate>

      <title>Station RCMC1</title>
      <description><![CDATA[
        <strong>November 16, 2008 8:12 am PST</strong><br />
        <strong>Location:</strong> 37.928N 122.4W or 59 nautical miles NNW of search location of 37N 122W.<br />
        <strong>Wind Direction:</strong> NNW (340&#176;)<br />
        <strong>Wind Speed:</strong> 10 knots<br />
        <strong>Wind Gust:</strong> 12 knots<br />
        <strong>Atmospheric Pressure:</strong> 30.14 in (1020.7 mb)<br />
        <strong>Air Temperature:</strong> 59&#176;F (14.8&#176;C)<br />
        <strong>Water Temperature:</strong> 58&#176;F (14.2&#176;C)<br />
      ]]></description>
      <link>http://www.ndbc.noaa.gov/station_page.php?station=rcmc1</link>
      <guid>http://www.ndbc.noaa.gov/station_page.php?station=rcmc1</guid>
      <georss:point>37.928 -122.400</georss:point>
    </item>
    <item>

      <pubDate>Sun, 16 Nov 2008 16:29:46 UT</pubDate>
      <title>Station 46026</title>
      <description><![CDATA[
        <strong>November 16, 2008 7:50 am PST</strong><br />
        <strong>Location:</strong> 37.759N 122.833W or 60 nautical miles NW of search location of 37N 122W.<br />
        <strong>Wind Direction:</strong> ESE (110&#176;)<br />
        <strong>Wind Speed:</strong> 14 knots<br />
        <strong>Wind Gust:</strong> 16 knots<br />
        <strong>Significant Wave Height:</strong> 5 ft<br />
        <strong>Dominant Wave Period:</strong> 14 sec<br />
        <strong>Atmospheric Pressure:</strong> 30.08 in (1018.7 mb)<br />
        <strong>Pressure Tendency:</strong> +0.02 in (+0.8 mb)<br />
        <strong>Air Temperature:</strong> 60&#176;F (15.3&#176;C)<br />
        <strong>Water Temperature:</strong> 56&#176;F (13.1&#176;C)<br />
      ]]></description>
      <link>http://www.ndbc.noaa.gov/station_page.php?station=46026</link>
      <guid>http://www.ndbc.noaa.gov/station_page.php?station=46026</guid>
      <georss:point>37.759 -122.833</georss:point>

    </item>
    <item>
      <pubDate>Sun, 16 Nov 2008 16:29:45 UT</pubDate>
      <title>Station PCOC1</title>
      <description><![CDATA[
        <strong>November 16, 2008 8:12 am PST</strong><br />
        <strong>Location:</strong> 38.057N 122.038W or 63 nautical miles N of search location of 37N 122W.<br />
        <strong>Wind Direction:</strong> NNE (30&#176;)<br />
        <strong>Wind Speed:</strong> 7 knots<br />
        <strong>Wind Gust:</strong> 7 knots<br />
        <strong>Atmospheric Pressure:</strong> 30.15 in (1021.1 mb)<br />
        <strong>Air Temperature:</strong> 54&#176;F (12.2&#176;C)<br />
        <strong>Water Temperature:</strong> 59&#176;F (15.2&#176;C)<br />
      ]]></description>
      <link>http://www.ndbc.noaa.gov/station_page.php?station=pcoc1</link>
      <guid>http://www.ndbc.noaa.gov/station_page.php?station=pcoc1</guid>

      <georss:point>38.057 -122.038</georss:point>
    </item>
    <item>
      <pubDate>Sun, 16 Nov 2008 16:29:44 UT</pubDate>
      <title>Station SFXC1</title>
      <description><![CDATA[
        <strong>November 16, 2008 6:45 am PST</strong><br />
        <strong>Location:</strong> 38.223N 122.026W or 73 nautical miles N of search location of 37N 122W.<br />
        <strong>Atmospheric Pressure:</strong> 30.15 in (1021.0 mb)<br />
        <strong>Air Temperature:</strong> 53&#176;F (11.5&#176;C)<br />
        <strong>Dew Point:</strong> 46&#176;F (7.7&#176;C)<br />
      ]]></description>
      <link>http://www.ndbc.noaa.gov/station_page.php?station=sfxc1</link>

      <guid>http://www.ndbc.noaa.gov/station_page.php?station=sfxc1</guid>
      <georss:point>38.223 -122.026</georss:point>
    </item>
    <item>
      <pubDate>Sun, 16 Nov 2008 16:29:43 UT</pubDate>
      <title>Station 46028</title>
      <description><![CDATA[
        <strong>November 16, 2008 7:50 am PST</strong><br />
        <strong>Location:</strong> 35.741N 121.884W or 76 nautical miles S of search location of 37N 122W.<br />
        <strong>Wind Direction:</strong> N (350&#176;)<br />
        <strong>Wind Speed:</strong> 6 knots<br />
        <strong>Wind Gust:</strong> 6 knots<br />
        <strong>Significant Wave Height:</strong> 5 ft<br />
        <strong>Dominant Wave Period:</strong> 13 sec<br />
        <strong>Atmospheric Pressure:</strong> 30.05 in (1017.6 mb)<br />
        <strong>Pressure Tendency:</strong> +0.03 in (+1.0 mb)<br />
        <strong>Air Temperature:</strong> 61&#176;F (16.3&#176;C)<br />
        <strong>Water Temperature:</strong> 58&#176;F (14.4&#176;C)<br />
      ]]></description>

      <link>http://www.ndbc.noaa.gov/station_page.php?station=46028</link>
      <guid>http://www.ndbc.noaa.gov/station_page.php?station=46028</guid>
      <georss:point>35.741 -121.884</georss:point>
    </item>
    <item>
      <pubDate>Sun, 16 Nov 2008 16:29:42 UT</pubDate>
      <title>Station PRYC1</title>

      <description><![CDATA[
        <strong>November 16, 2008 8:06 am PST</strong><br />
        <strong>Location:</strong> 37.997N 122.975W or 76 nautical miles NW of search location of 37N 122W.<br />
        <strong>Water Temperature:</strong> 56&#176;F (13.4&#176;C)<br />
      ]]></description>
      <link>http://www.ndbc.noaa.gov/station_page.php?station=pryc1</link>
      <guid>http://www.ndbc.noaa.gov/station_page.php?station=pryc1</guid>
      <georss:point>37.997 -122.975</georss:point>
    </item>
    <item>
      <pubDate>Sun, 16 Nov 2008 16:29:41 UT</pubDate>

      <title>Station 46214</title>
      <description><![CDATA[
        <strong>November 16, 2008 7:18 am PST</strong><br />
        <strong>Location:</strong> 37.945N 123.47W or 90 nautical miles NW of search location of 37N 122W.<br />
        <strong>Significant Wave Height:</strong> 6 ft<br />
        <strong>Dominant Wave Period:</strong> 12 sec<br />
        <strong>Water Temperature:</strong> 54&#176;F (12.4&#176;C)<br />
      ]]></description>
      <link>http://www.ndbc.noaa.gov/station_page.php?station=46214</link>
      <guid>http://www.ndbc.noaa.gov/station_page.php?station=46214</guid>
      <georss:point>37.945 -123.470</georss:point>
    </item>
    <item>

      <pubDate>Sun, 16 Nov 2008 16:29:40 UT</pubDate>
      <title>Station 46013</title>
      <description><![CDATA[
        <strong>November 16, 2008 7:50 am PST</strong><br />
        <strong>Location:</strong> 38.228N 123.325W or 97 nautical miles NW of search location of 37N 122W.<br />
        <strong>Wind Direction:</strong> E (100&#176;)<br />
        <strong>Wind Speed:</strong> 10 knots<br />
        <strong>Wind Gust:</strong> 14 knots<br />
        <strong>Significant Wave Height:</strong> 5 ft<br />
        <strong>Dominant Wave Period:</strong> 14 sec<br />
        <strong>Atmospheric Pressure:</strong> 30.08 in (1018.7 mb)<br />
        <strong>Pressure Tendency:</strong> +0.03 in (+1.0 mb)<br />
        <strong>Air Temperature:</strong> 60&#176;F (15.7&#176;C)<br />
        <strong>Water Temperature:</strong> 55&#176;F (13.0&#176;C)<br />
      ]]></description>
      <link>http://www.ndbc.noaa.gov/station_page.php?station=46013</link>
      <guid>http://www.ndbc.noaa.gov/station_page.php?station=46013</guid>
      <georss:point>38.228 -123.325</georss:point>

    </item>
</channel>
</rss>