<?xml version="1.0" encoding="utf-8"?>
<manifest xmlns:android="http://schemas.android.com/apk/res/android"
   package="com.ai.android.livefolders"
   android:versionCode="1"
   android:versionName="1.0">
<application android:icon="@drawable/icon" android:label="@string/app_name">
   <activity android:name=".SimpleActivity"
      android:label="@string/app_name">
      <intent-filter>
         <action android:name="android.intent.action.MAIN" />
         <category android:name="android.intent.category.LAUNCHER" />
      </intent-filter>
   </activity>

   <!-- LIVE FOLDERS -->
   <activity
      android:name=".AllContactsLiveFolderCreatorActivity"
      android:label="New live folder "
      android:icon="@drawable/icon">
      <intent-filter>
         <action android:name="android.intent.action.CREATE_LIVE_FOLDER" />
         <category android:name="android.intent.category.DEFAULT" />
      </intent-filter>
   </activity>
   <provider android:authorities="com.ai.livefolders.contacts"
      android:multiprocess="true"
      android:name=".MyContactsProvider" />
</application>
<uses-sdk android:minSdkVersion="3" />
<uses-permission android:name="android.permission.READ_CONTACTS"></uses-permission>
</manifest>
