    <application android:icon="@drawable/icon" android:label="@string/app_name">
        <activity android:name=".MainActivity"
                  android:label="@string/app_name">
            <intent-filter>
                <action android:name="android.intent.action.MAIN" />
            </intent-filter>
        </activity>
    <service android:name="StockQuoteService2">
    	    <intent-filter>
    	    	    <action android:name="com.syh.IStockQuoteService" />
    	    </intent-filter>
    </service>
    </application>

