<EbayDailyDeals>
	<Item>
		<ItemId>320569860510</ItemId>
		<EndTime>1281884399000</EndTime>
		<PictureURL>http://i.ebayimg.com/19/!!fC)skQB(U~$(KGrHqEOKiUE)Q)HiJgLBMYe5g2Uhw~~_35.JPG
		</PictureURL>
		<SmallPictureURL>http://i.ebayimg.com/19/!!fC)skQB(U~$(KGrHqEOKiUE)Q)HiJgLBMYe5g2Uhw~~_14.JPG
		</SmallPictureURL>
		<Picture175Url>http://i.ebayimg.com/19/!!fC)skQB(U~$(KGrHqEOKiUE)Q)HiJgLBMYe5g2Uhw~~_37.JPG
		</Picture175Url>
		<Title><![CDATA[Black & Decker 500Amp Jump Starter]]></Title>
		<Description><![CDATA[Black & Decker 500Amp Jump Starter]]></Description>
		<DealURL>http://deals.ebay.com/5000017682_Black__Decker_500Amp_Jump_Starter
		</DealURL>
		<ConvertedCurrentPrice>44.99</ConvertedCurrentPrice>
		<PrimaryCategoryName>Electronics:Car Electronics:Parts &amp;
			Accessories:Other</PrimaryCategoryName>
		<PrimaryCategoryId>14932</PrimaryCategoryId>
		<Location>Reading, Pennsylvania</Location>
		<Quantity>274</Quantity>
		<QuantitySold>226</QuantitySold>
		<MSRP>74.99</MSRP>
		<SavingsRate>40%</SavingsRate>
		<AutoPay>true</AutoPay>
		<Hot>false</Hot>
	</Item>
	<Item>
		<ItemId>320574586035</ItemId>
		<EndTime>1281884399000</EndTime>
		<PictureURL>http://i.ebayimg.com/08/!!fDSp+!B(U~$(KGrHqEOKisE)R46()hOBMZMlWGHe!~~_35.JPG
		</PictureURL>
		<SmallPictureURL>http://i.ebayimg.com/08/!!fDSp+!B(U~$(KGrHqEOKisE)R46()hOBMZMlWGHe!~~_14.JPG
		</SmallPictureURL>
		<Picture175Url>http://i.ebayimg.com/08/!!fDSp+!B(U~$(KGrHqEOKisE)R46()hOBMZMlWGHe!~~_37.JPG
		</Picture175Url>
		<Title><![CDATA[5 Piece Stainless Steel Mixing & Food Storage Set]]></Title>
		<Description><![CDATA[5 Piece Stainless Steel Mixing & Food Storage Set]]></Description>
		<DealURL>http://deals.ebay.com/5000017857_5_Piece_Stainless_Steel_Mixing__Food_Storage_Set
		</DealURL>
		<ConvertedCurrentPrice>9.99</ConvertedCurrentPrice>
		<PrimaryCategoryName>Home &amp; Garden:Inside the Home:Kitchen, Dining
			&amp; Bar:Cookware</PrimaryCategoryName>
		<PrimaryCategoryId>20628</PrimaryCategoryId>
		<Location>Brooklyn, New York</Location>
		<Quantity>3046</Quantity>
		<QuantitySold>954</QuantitySold>
		<MSRP>24.99</MSRP>
		<SavingsRate>60%</SavingsRate>
		<AutoPay>true</AutoPay>
		<Hot>false</Hot>
	</Item>
	<Item>
		<ItemId>180546740250</ItemId>
		<EndTime>1281884399000</EndTime>
		<PictureURL>http://i.ebayimg.com/18/!!fDdpK!!(U~$(KGrHqEOKm4Ew8sNJnYCBMZbV!Jlq!~~_35.JPG
		</PictureURL>
		<SmallPictureURL>http://i.ebayimg.com/18/!!fDdpK!!(U~$(KGrHqEOKm4Ew8sNJnYCBMZbV!Jlq!~~_14.JPG
		</SmallPictureURL>
		<Picture175Url>http://i.ebayimg.com/18/!!fDdpK!!(U~$(KGrHqEOKm4Ew8sNJnYCBMZbV!Jlq!~~_37.JPG
		</Picture175Url>
		<Title><![CDATA[eBags Mother Lode TLS Jr. 22in Wheeled Duffel]]></Title>
		<Description><![CDATA[eBags Mother Lode TLS Jr. 22in Wheeled Duffel]]></Description>
		<DealURL>http://deals.ebay.com/5000017899_eBags_Mother_Lode_TLS_Jr_22in_Wheeled_Duffel
		</DealURL>
		<ConvertedCurrentPrice>99.99</ConvertedCurrentPrice>
		<PrimaryCategoryName>Clothing, Shoes &amp; Accessories:Unisex
			Clothing, Shoes &amp; Accs:Other</PrimaryCategoryName>
		<PrimaryCategoryId>167905</PrimaryCategoryId>
		<Location>United States</Location>
		<Quantity>351</Quantity>
		<QuantitySold>49</QuantitySold>
		<MSRP>229.99</MSRP>
		<SavingsRate>57%</SavingsRate>
		<AutoPay>true</AutoPay>
		<Hot>false</Hot>
	</Item>
	<Item>
		<ItemId>400142222526</ItemId>
		<EndTime>1281884399000</EndTime>
		<PictureURL>http://i.ebayimg.com/13/!!fB07OQC(U~$(KGrHqV,!hUEw5GlNBdRBM(I5ZQZH!~~_35.JPG
		</PictureURL>
		<SmallPictureURL>http://i.ebayimg.com/13/!!fB07OQC(U~$(KGrHqV,!hUEw5GlNBdRBM(I5ZQZH!~~_14.JPG
		</SmallPictureURL>
		<Picture175Url>http://i.ebayimg.com/13/!!fB07OQC(U~$(KGrHqV,!hUEw5GlNBdRBM(I5ZQZH!~~_37.JPG
		</Picture175Url>
		<Title><![CDATA[Gold Fashion Sunglasses]]></Title>
		<Description><![CDATA[Gold Fashion Sunglasses]]></Description>
		<DealURL>http://deals.ebay.com/5000017500_Gold_Fashion_Sunglasses
		</DealURL>
		<ConvertedCurrentPrice>9.99</ConvertedCurrentPrice>
		<PrimaryCategoryName>Clothing, Shoes &amp; Accessories:Unisex
			Clothing, Shoes &amp; Accs:Unisex Accessories:Sunglasses
		</PrimaryCategoryName>
		<PrimaryCategoryId>155189</PrimaryCategoryId>
		<Location>United States</Location>
		<Quantity>738</Quantity>
		<QuantitySold>62</QuantitySold>
		<MSRP>39.99</MSRP>
		<SavingsRate>75%</SavingsRate>
		<AutoPay>false</AutoPay>
		<Hot>false</Hot>
	</Item>

	<MoreDeals>
		<MoreDealsSection>
			<SectionTitle>Great Deals in Gifts &amp; Gadgets</SectionTitle>
			<Item>
				<ItemId>390223470557</ItemId>
				<EndTime>1281985259000</EndTime>
				<PictureURL>http://i.ebayimg.com/16/!!fDDd)wEHU~$(KGrHqN,!hsEw5FpFwGQBMYz5(I42Q~~_35.JPG
				</PictureURL>
				<SmallPictureURL>http://i.ebayimg.com/16/!!fDDd)wEHU~$(KGrHqN,!hsEw5FpFwGQBMYz5(I42Q~~_14.JPG
				</SmallPictureURL>
				<Picture175Url>http://i.ebayimg.com/16/!!fDDd)wEHU~$(KGrHqN,!hsEw5FpFwGQBMYz5(I42Q~~_37.JPG
				</Picture175Url>
				<Title><![CDATA[Patricia Wexler 1oz Anti-Aging Skin Serum]]></Title>
				<Description><![CDATA[Patricia Wexler 1oz Anti-Aging Skin Serum]]></Description>
				<DealURL>http://deals.ebay.com/5000017738_Patricia_Wexler_1oz_Anti_Aging_Skin_Serum
				</DealURL>
				<ConvertedCurrentPrice>22.99</ConvertedCurrentPrice>
				<PrimaryCategoryName>Health &amp; Beauty:Skin Care:Anti-Aging
					Products</PrimaryCategoryName>
				<PrimaryCategoryId>33164</PrimaryCategoryId>
				<Location>Ohio</Location>
				<Quantity>148</Quantity>
				<QuantitySold>51</QuantitySold>
				<MSRP>55.00</MSRP>
				<SavingsRate>58%</SavingsRate>
				<AutoPay>false</AutoPay>
				<Hot>false</Hot>
			</Item>
			<Item>
				<ItemId>180539744582</ItemId>
				<EndTime>1281985259000</EndTime>
				<PictureURL>http://i.ebayimg.com/06/!!fDDeP!CHU~$(KGrHqYOKm8Ew9Bs7C7-BMYz6+eWpg~~_35.JPG
				</PictureURL>
				<SmallPictureURL>http://i.ebayimg.com/06/!!fDDeP!CHU~$(KGrHqYOKm8Ew9Bs7C7-BMYz6+eWpg~~_14.JPG
				</SmallPictureURL>
				<Picture175Url>http://i.ebayimg.com/06/!!fDDeP!CHU~$(KGrHqYOKm8Ew9Bs7C7-BMYz6+eWpg~~_37.JPG
				</Picture175Url>
				<Title><![CDATA[Silver Onyx Veneer Tuxedo Studs and Cuff Links]]></Title>
				<Description><![CDATA[Silver Onyx Veneer Tuxedo Studs and Cuff Links]]></Description>
				<DealURL>http://deals.ebay.com/5000017740_Silver_Onyx_Veneer_Tuxedo_Studs_and_Cuff_Links
				</DealURL>
				<ConvertedCurrentPrice>7.99</ConvertedCurrentPrice>
				<PrimaryCategoryName>Jewelry &amp; Watches:Men's
					Jewelry:Cufflinks:Onyx</PrimaryCategoryName>
				<PrimaryCategoryId>60112</PrimaryCategoryId>
				<Location>New Rochelle, New York</Location>
				<Quantity>1116</Quantity>
				<QuantitySold>84</QuantitySold>
				<MSRP>39.99</MSRP>
				<SavingsRate>80%</SavingsRate>
				<AutoPay>false</AutoPay>
				<Hot>false</Hot>
			</Item>
			<Item>
				<ItemId>380258016201</ItemId>
				<EndTime>1281985259000</EndTime>
				<PictureURL>http://i.ebayimg.com/17/!!fDDeQw!(U~$(KGrHqYOKnEEw83qbTm!BMYz9DWPu!~~_35.JPG
				</PictureURL>
				<SmallPictureURL>http://i.ebayimg.com/17/!!fDDeQw!(U~$(KGrHqYOKnEEw83qbTm!BMYz9DWPu!~~_14.JPG
				</SmallPictureURL>
				<Picture175Url>http://i.ebayimg.com/17/!!fDDeQw!(U~$(KGrHqYOKnEEw83qbTm!BMYz9DWPu!~~_37.JPG
				</Picture175Url>
				<Title><![CDATA[Ed Hardy Mens Jeans]]></Title>
				<Description><![CDATA[ed hardy mens jeans]]></Description>
				<DealURL>http://deals.ebay.com/5000017742_Ed_Hardy_Mens_Jeans
				</DealURL>
				<ConvertedCurrentPrice>49.99</ConvertedCurrentPrice>
				<PrimaryCategoryName>Clothing, Shoes &amp; Accessories:Men's
					Clothing:Jeans</PrimaryCategoryName>
				<PrimaryCategoryId>11483</PrimaryCategoryId>
				<Location>Louisville, Kentucky</Location>
				<Quantity>47</Quantity>
				<QuantitySold>58</QuantitySold>
				<MSRP>250.00</MSRP>
				<SavingsRate>80%</SavingsRate>
				<AutoPay>false</AutoPay>
				<Hot>false</Hot>
			</Item>
			<Item>
				<ItemId>190427652793</ItemId>
				<EndTime>1281970799000</EndTime>
				<PictureURL>http://i.ebayimg.com/14/!!fDDecQE(U~$(KGrHqN,!hMEw5FOsQF9BMY0DGI3Wg~~_35.JPG
				</PictureURL>
				<SmallPictureURL>http://i.ebayimg.com/14/!!fDDecQE(U~$(KGrHqN,!hMEw5FOsQF9BMY0DGI3Wg~~_14.JPG
				</SmallPictureURL>
				<Picture175Url>http://i.ebayimg.com/14/!!fDDecQE(U~$(KGrHqN,!hMEw5FOsQF9BMY0DGI3Wg~~_37.JPG
				</Picture175Url>
				<Title><![CDATA[Bondo Restore Black]]></Title>
				<Description><![CDATA[Bondo Restore Black]]></Description>
				<DealURL>http://deals.ebay.com/5000017744_Bondo_Restore_Black
				</DealURL>
				<ConvertedCurrentPrice>9.99</ConvertedCurrentPrice>
				<PrimaryCategoryName>eBay Motors:Parts &amp; Accessories:Car &amp;
					Truck Parts:Decals, Emblems, &amp; Detailing:Detailing Supplies /
					Products</PrimaryCategoryName>
				<PrimaryCategoryId>50450</PrimaryCategoryId>
				<Location>San Diego, California</Location>
				<Quantity>67</Quantity>
				<QuantitySold>122</QuantitySold>
				<MSRP>19.48</MSRP>
				<SavingsRate>49%</SavingsRate>
				<AutoPay>false</AutoPay>
				<Hot>false</Hot>
			</Item>
			<Item>
				<ItemId>320546120675</ItemId>
				<EndTime>1281985259000</EndTime>
				<PictureURL>http://i.ebayimg.com/03/!!fDDee!BHU~$(KGrHqQOKigE)TL9W!zjBMY0Ed0,g!~~_35.JPG
				</PictureURL>
				<SmallPictureURL>http://i.ebayimg.com/03/!!fDDee!BHU~$(KGrHqQOKigE)TL9W!zjBMY0Ed0,g!~~_14.JPG
				</SmallPictureURL>
				<Picture175Url>http://i.ebayimg.com/03/!!fDDee!BHU~$(KGrHqQOKigE)TL9W!zjBMY0Ed0,g!~~_37.JPG
				</Picture175Url>
				<Title><![CDATA[Case Logic Umc-5 Universal Media Player Organizer]]></Title>
				<Description><![CDATA[Case logic umc-5 universal media player organizer]]></Description>
				<DealURL>http://deals.ebay.com/5000017746_Case_Logic_Umc_5_Universal_Media_Player_Organizer
				</DealURL>
				<ConvertedCurrentPrice>9.99</ConvertedCurrentPrice>
				<PrimaryCategoryName>Computers &amp; Networking:Other
				</PrimaryCategoryName>
				<PrimaryCategoryId>162</PrimaryCategoryId>
				<Location>Naperville,IL</Location>
				<Quantity>947</Quantity>
				<QuantitySold>53</QuantitySold>
				<MSRP>29.99</MSRP>
				<SavingsRate>67%</SavingsRate>
				<AutoPay>false</AutoPay>
				<Hot>false</Hot>
			</Item>
			<Item>
				<ItemId>230509670001</ItemId>
				<EndTime>1281985259000</EndTime>
				<PictureURL>http://i.ebayimg.com/16/!!fDDeewE(U~$(KGrHqEOKkUE)MZUhbcnBMY0Fym5CQ~~_35.JPG
				</PictureURL>
				<SmallPictureURL>http://i.ebayimg.com/16/!!fDDeewE(U~$(KGrHqEOKkUE)MZUhbcnBMY0Fym5CQ~~_14.JPG
				</SmallPictureURL>
				<Picture175Url>http://i.ebayimg.com/16/!!fDDeewE(U~$(KGrHqEOKkUE)MZUhbcnBMY0Fym5CQ~~_37.JPG
				</Picture175Url>
				<Title><![CDATA[Targus 15.6in BT Messenger Bag]]></Title>
				<Description><![CDATA[Targus 15.6in BT Messenger Bag]]></Description>
				<DealURL>http://deals.ebay.com/5000017748_Targus_15_6in_BT_Messenger_Bag
				</DealURL>
				<ConvertedCurrentPrice>17.99</ConvertedCurrentPrice>
				<PrimaryCategoryName>Clothing, Shoes &amp; Accessories:Unisex
					Clothing, Shoes &amp; Accs:Unisex Accessories:Bags &amp;
					Backpacks:Messenger Bags</PrimaryCategoryName>
				<PrimaryCategoryId>163540</PrimaryCategoryId>
				<Location>Naperville,IL</Location>
				<Quantity>1088</Quantity>
				<QuantitySold>112</QuantitySold>
				<MSRP>54.99</MSRP>
				<SavingsRate>67%</SavingsRate>
				<AutoPay>false</AutoPay>
				<Hot>false</Hot>
			</Item>
			<Item>
				<ItemId>130420243118</ItemId>
				<EndTime>1281970799000</EndTime>
				<PictureURL>http://i.ebayimg.com/18/!!fDF,GwBHU~$(KGrHqEOKnQEw8ojvO2CBMZCNZZBew~~_35.JPG
				</PictureURL>
				<SmallPictureURL>http://i.ebayimg.com/18/!!fDF,GwBHU~$(KGrHqEOKnQEw8ojvO2CBMZCNZZBew~~_14.JPG
				</SmallPictureURL>
				<Picture175Url>http://i.ebayimg.com/18/!!fDF,GwBHU~$(KGrHqEOKnQEw8ojvO2CBMZCNZZBew~~_37.JPG
				</Picture175Url>
				<Title><![CDATA[Ultimate 9 in 1 Fishing Tool W/ Scale Knives]]></Title>
				<Description><![CDATA[Ultimate 9 in 1 Fishing Tool W/ Scale Knives]]></Description>
				<DealURL>http://deals.ebay.com/5000017797_Ultimate_9_in_1_Fishing_Tool_W_Scale_Knives
				</DealURL>
				<ConvertedCurrentPrice>14.99</ConvertedCurrentPrice>
				<PrimaryCategoryName>Electronics:Other</PrimaryCategoryName>
				<PrimaryCategoryId>163866</PrimaryCategoryId>
				<Location>NEW YORK, NY</Location>
				<Quantity>12</Quantity>
				<QuantitySold>43</QuantitySold>
				<MSRP>29.99</MSRP>
				<SavingsRate>50%</SavingsRate>
				<AutoPay>true</AutoPay>
				<Hot>true</Hot>
			</Item>
			<Item>
				<ItemId>290462515441</ItemId>
				<EndTime>1281985259000</EndTime>
				<PictureURL>http://i.ebayimg.com/11/!!fDDeiQBnU~$(KGrHqQOKiYEw)rR8(h0BMY0IC6p)Q~~_35.JPG
				</PictureURL>
				<SmallPictureURL>http://i.ebayimg.com/11/!!fDDeiQBnU~$(KGrHqQOKiYEw)rR8(h0BMY0IC6p)Q~~_14.JPG
				</SmallPictureURL>
				<Picture175Url>http://i.ebayimg.com/11/!!fDDeiQBnU~$(KGrHqQOKiYEw)rR8(h0BMY0IC6p)Q~~_37.JPG
				</Picture175Url>
				<Title><![CDATA[Remedy Memory Foam Sleep Mask with Music Input]]></Title>
				<Description><![CDATA[Remedy Memory Foam Sleep Mask with Music Input]]></Description>
				<DealURL>http://deals.ebay.com/5000017752_Remedy_Memory_Foam_Sleep_Mask_with_Music_Input
				</DealURL>
				<ConvertedCurrentPrice>10.99</ConvertedCurrentPrice>
				<PrimaryCategoryName>Electronics:iPod &amp; MP3
					Accessories:Headphones &amp; Earbuds</PrimaryCategoryName>
				<PrimaryCategoryId>112529</PrimaryCategoryId>
				<Location>United States</Location>
				<Quantity>781</Quantity>
				<QuantitySold>169</QuantitySold>
				<MSRP>19.99</MSRP>
				<SavingsRate>45%</SavingsRate>
				<AutoPay>false</AutoPay>
				<Hot>false</Hot>
			</Item>
			<Item>
				<ItemId>400143391948</ItemId>
				<EndTime>1281970799000</EndTime>
				<PictureURL>http://i.ebayimg.com/22/!!fDDfogEHU~$(KGrHqUOKi0E)(b!RjSRBMY0)lKvo!~~_35.JPG
				</PictureURL>
				<SmallPictureURL>http://i.ebayimg.com/22/!!fDDfogEHU~$(KGrHqUOKi0E)(b!RjSRBMY0)lKvo!~~_14.JPG
				</SmallPictureURL>
				<Picture175Url>http://i.ebayimg.com/22/!!fDDfogEHU~$(KGrHqUOKi0E)(b!RjSRBMY0)lKvo!~~_37.JPG
				</Picture175Url>
				<Title><![CDATA[25 ValueBull Thick 5in All Natural Bully Sticks]]></Title>
				<Description><![CDATA[25 ValueBull Thick 5in All Natural Bully Sticks]]></Description>
				<DealURL>http://deals.ebay.com/5000017781_25_ValueBull_Thick_5in_All_Natural_Bully_Sticks
				</DealURL>
				<ConvertedCurrentPrice>24.99</ConvertedCurrentPrice>
				<PrimaryCategoryName>Pet Supplies:Dog Supplies:Food &amp;
					Treats:Bully Sticks</PrimaryCategoryName>
				<PrimaryCategoryId>117430</PrimaryCategoryId>
				<Location>Livingston, TN</Location>
				<Quantity>932</Quantity>
				<QuantitySold>68</QuantitySold>
				<MSRP>79.99</MSRP>
				<SavingsRate>69%</SavingsRate>
				<AutoPay>true</AutoPay>
				<Hot>false</Hot>
			</Item>
		</MoreDealsSection>
		<MoreDealsSection>
			<SectionTitle>Great Deals in Electronics</SectionTitle>
			<Item>
				<ItemId>380257986250</ItemId>
				<EndTime>1281985259000</EndTime>
				<PictureURL>http://i.ebayimg.com/14/!!fDDfFwCHU~$(KGrHqEOKjEE)T(ZLuKFBMY0b,CzG!~~_35.JPG
				</PictureURL>
				<SmallPictureURL>http://i.ebayimg.com/14/!!fDDfFwCHU~$(KGrHqEOKjEE)T(ZLuKFBMY0b,CzG!~~_14.JPG
				</SmallPictureURL>
				<Picture175Url>http://i.ebayimg.com/14/!!fDDfFwCHU~$(KGrHqEOKjEE)T(ZLuKFBMY0b,CzG!~~_37.JPG
				</Picture175Url>
				<Title><![CDATA[Indoor Outdoor 300 Watt Speaker Pair]]></Title>
				<Description><![CDATA[Indoor Outdoor 300 Watt Speaker Pair]]></Description>
				<DealURL>http://deals.ebay.com/5000017773_Indoor_Outdoor_300_Watt_Speaker_Pair
				</DealURL>
				<ConvertedCurrentPrice>29.99</ConvertedCurrentPrice>
				<PrimaryCategoryName>Electronics:Other</PrimaryCategoryName>
				<PrimaryCategoryId>163866</PrimaryCategoryId>
				<Location>OnlyFactoryDirect</Location>
				<Quantity>576</Quantity>
				<QuantitySold>49</QuantitySold>
				<MSRP>79.99</MSRP>
				<SavingsRate>63%</SavingsRate>
				<AutoPay>true</AutoPay>
				<Hot>false</Hot>
			</Item>
			<Item>
				<ItemId>360288727604</ItemId>
				<EndTime>1281985259000</EndTime>
				<PictureURL>http://i.ebayimg.com/07/!!fDDfHQ!(U~$(KGrHqQOKiwE)UPfs5w2BMY0co8qpQ~~_35.JPG
				</PictureURL>
				<SmallPictureURL>http://i.ebayimg.com/07/!!fDDfHQ!(U~$(KGrHqQOKiwE)UPfs5w2BMY0co8qpQ~~_14.JPG
				</SmallPictureURL>
				<Picture175Url>http://i.ebayimg.com/07/!!fDDfHQ!(U~$(KGrHqQOKiwE)UPfs5w2BMY0co8qpQ~~_37.JPG
				</Picture175Url>
				<Title><![CDATA[Digital Prism 9in Portable LCD HDTV- Refurbished]]></Title>
				<Description><![CDATA[Digital Prism 9in Portable LCD HDTV- Refurbished]]></Description>
				<DealURL>http://deals.ebay.com/5000017775_Digital_Prism_9in_Portable_LCD_HDTV_Refurbished
				</DealURL>
				<ConvertedCurrentPrice>57.99</ConvertedCurrentPrice>
				<PrimaryCategoryName>Electronics:Televisions</PrimaryCategoryName>
				<PrimaryCategoryId>3320</PrimaryCategoryId>
				<Location>Mechanicsburg, Pennsylvania</Location>
				<Quantity>437</Quantity>
				<QuantitySold>63</QuantitySold>
				<MSRP>119.00</MSRP>
				<SavingsRate>51%</SavingsRate>
				<AutoPay>true</AutoPay>
				<Hot>false</Hot>
			</Item>
			<Item>
				<ItemId>320573377996</ItemId>
				<EndTime>1281985259000</EndTime>
				<PictureURL>http://i.ebayimg.com/10/!!fDDfLg!nU~$(KGrHqZ,!jgEw44nDg4tBMY0fF5IiQ~~_35.JPG
				</PictureURL>
				<SmallPictureURL>http://i.ebayimg.com/10/!!fDDfLg!nU~$(KGrHqZ,!jgEw44nDg4tBMY0fF5IiQ~~_14.JPG
				</SmallPictureURL>
				<Picture175Url>http://i.ebayimg.com/10/!!fDDfLg!nU~$(KGrHqZ,!jgEw44nDg4tBMY0fF5IiQ~~_37.JPG
				</Picture175Url>
				<Title><![CDATA[Linksys Etherfast 5 Port 10/100- Refurbished]]></Title>
				<Description><![CDATA[Linksys Etherfast 5 Port 10/100- Refurbished]]></Description>
				<DealURL>http://deals.ebay.com/5000017779_Linksys_Etherfast_5_Port_10_100_Refurbished
				</DealURL>
				<ConvertedCurrentPrice>9.99</ConvertedCurrentPrice>
				<PrimaryCategoryName>Computers &amp; Networking:Networking &amp;
					Communications:Network Switches</PrimaryCategoryName>
				<PrimaryCategoryId>51268</PrimaryCategoryId>
				<Location>Naperville,IL</Location>
				<Quantity>1401</Quantity>
				<QuantitySold>99</QuantitySold>
				<MSRP>29.99</MSRP>
				<SavingsRate>67%</SavingsRate>
				<AutoPay>false</AutoPay>
				<Hot>false</Hot>
			</Item>
			<Item>
				<ItemId>230509677503</ItemId>
				<EndTime>1281985259000</EndTime>
				<PictureURL>http://i.ebayimg.com/24/!!fDFP0wC(U~$(KGrHqEOKjEE)T(ZLuKFBMZBgtJ)ew~~_35.JPG
				</PictureURL>
				<SmallPictureURL>http://i.ebayimg.com/24/!!fDFP0wC(U~$(KGrHqEOKjEE)T(ZLuKFBMZBgtJ)ew~~_14.JPG
				</SmallPictureURL>
				<Picture175Url>http://i.ebayimg.com/24/!!fDFP0wC(U~$(KGrHqEOKjEE)T(ZLuKFBMZBgtJ)ew~~_37.JPG
				</Picture175Url>
				<Title><![CDATA[Xtreme Mini AV LED Projector]]></Title>
				<Description><![CDATA[Xtreme mini av led projector]]></Description>
				<DealURL>http://deals.ebay.com/5000017783_Xtreme_Mini_AV_LED_Projector
				</DealURL>
				<ConvertedCurrentPrice>124.99</ConvertedCurrentPrice>
				<PrimaryCategoryName>Computers &amp; Networking:Other
				</PrimaryCategoryName>
				<PrimaryCategoryId>162</PrimaryCategoryId>
				<Location>Naperville,IL</Location>
				<Quantity>290</Quantity>
				<QuantitySold>10</QuantitySold>
				<MSRP>149.99</MSRP>
				<SavingsRate>17%</SavingsRate>
				<AutoPay>false</AutoPay>
				<Hot>false</Hot>
			</Item>
			<Item>
				<ItemId>390222337384</ItemId>
				<EndTime>1281985259000</EndTime>
				<PictureURL>http://i.ebayimg.com/20/!!fDFQRwB3U~$(KGrHqZ,!hIEw5!2kMyrBMZBieZ,Ww~~_35.JPG
				</PictureURL>
				<SmallPictureURL>http://i.ebayimg.com/20/!!fDFQRwB3U~$(KGrHqZ,!hIEw5!2kMyrBMZBieZ,Ww~~_14.JPG
				</SmallPictureURL>
				<Picture175Url>http://i.ebayimg.com/20/!!fDFQRwB3U~$(KGrHqZ,!hIEw5!2kMyrBMZBieZ,Ww~~_37.JPG
				</Picture175Url>
				<Title><![CDATA[iHome IHM79 Rechargable Speakers]]></Title>
				<Description><![CDATA[iHome IHM79 Rechargable Speakers]]></Description>
				<DealURL>http://deals.ebay.com/5000017785_iHome_IHM79_Rechargable_Speakers
				</DealURL>
				<ConvertedCurrentPrice>39.99</ConvertedCurrentPrice>
				<PrimaryCategoryName>Electronics:iPod &amp; MP3 Accessories:Speakers
				</PrimaryCategoryName>
				<PrimaryCategoryId>111694</PrimaryCategoryId>
				<Location>Free Shipping USA</Location>
				<Quantity>281</Quantity>
				<QuantitySold>39</QuantitySold>
				<MSRP>49.99</MSRP>
				<SavingsRate>20%</SavingsRate>
				<AutoPay>true</AutoPay>
				<Hot>false</Hot>
			</Item>
			<Item>
				<ItemId>230509744083</ItemId>
				<EndTime>1281985259000</EndTime>
				<PictureURL>http://i.ebayimg.com/24/!!fDFQv!EHU~$(KGrHqEOKicE)Q+tYv5eBMZBkSG-6Q~~_35.JPG
				</PictureURL>
				<SmallPictureURL>http://i.ebayimg.com/24/!!fDFQv!EHU~$(KGrHqEOKicE)Q+tYv5eBMZBkSG-6Q~~_14.JPG
				</SmallPictureURL>
				<Picture175Url>http://i.ebayimg.com/24/!!fDFQv!EHU~$(KGrHqEOKicE)Q+tYv5eBMZBkSG-6Q~~_37.JPG
				</Picture175Url>
				<Title><![CDATA[Vizio 42in HDTV with Wifi and Netflix- Refurbished]]></Title>
				<Description><![CDATA[Vizio 42in HDTV with Wifi and Netflix- Refurbished]]></Description>
				<DealURL>http://deals.ebay.com/5000017787_Vizio_42in_HDTV_with_Wifi_and_Netflix_Refurbished
				</DealURL>
				<ConvertedCurrentPrice>699.95</ConvertedCurrentPrice>
				<PrimaryCategoryName>Electronics:Televisions</PrimaryCategoryName>
				<PrimaryCategoryId>3320</PrimaryCategoryId>
				<Location>North Sioux City, South Dakota</Location>
				<Quantity>136</Quantity>
				<QuantitySold>14</QuantitySold>
				<MSRP>1199.99</MSRP>
				<SavingsRate>42%</SavingsRate>
				<AutoPay>false</AutoPay>
				<Hot>false</Hot>
			</Item>
			<Item>
				<ItemId>120606957542</ItemId>
				<EndTime>1281985259000</EndTime>
				<PictureURL>http://i.ebayimg.com/22/!!fDFRO!BnU~$(KGrHqR,!j!Ew5Sp6dnhBMZBmlEN8w~~_35.JPG
				</PictureURL>
				<SmallPictureURL>http://i.ebayimg.com/22/!!fDFRO!BnU~$(KGrHqR,!j!Ew5Sp6dnhBMZBmlEN8w~~_14.JPG
				</SmallPictureURL>
				<Picture175Url>http://i.ebayimg.com/22/!!fDFRO!BnU~$(KGrHqR,!j!Ew5Sp6dnhBMZBmlEN8w~~_37.JPG
				</Picture175Url>
				<Title><![CDATA[Samsung N130 Windows 7 Netbook- Refurbished]]></Title>
				<Description><![CDATA[Samsung N130 Windows 7 Netbook]]></Description>
				<DealURL>http://deals.ebay.com/5000017789_Samsung_N130_Windows_7_Netbook_Refurbished
				</DealURL>
				<ConvertedCurrentPrice>238.99</ConvertedCurrentPrice>
				<PrimaryCategoryName>Computers &amp; Networking:PC Laptops &amp;
					Netbooks</PrimaryCategoryName>
				<PrimaryCategoryId>177</PrimaryCategoryId>
				<Location>North Sioux City, South Dakota</Location>
				<Quantity>146</Quantity>
				<QuantitySold>4</QuantitySold>
				<MSRP>299.00</MSRP>
				<SavingsRate>20%</SavingsRate>
				<AutoPay>false</AutoPay>
				<Hot>false</Hot>
			</Item>
			<Item>
				<ItemId>400142220189</ItemId>
				<EndTime>1281970799000</EndTime>
				<PictureURL>http://i.ebayimg.com/22/!!fDFv+QC(U~$(KGrHqYOKnEEw83qbTm!BMZEBT2QgQ~~_35.JPG
				</PictureURL>
				<SmallPictureURL>http://i.ebayimg.com/22/!!fDFv+QC(U~$(KGrHqYOKnEEw83qbTm!BMZEBT2QgQ~~_14.JPG
				</SmallPictureURL>
				<Picture175Url>http://i.ebayimg.com/22/!!fDFv+QC(U~$(KGrHqYOKnEEw83qbTm!BMZEBT2QgQ~~_37.JPG
				</Picture175Url>
				<Title><![CDATA[Altec Lansing Backbeat Plus Heaphones for iPod/iPhone]]></Title>
				<Description><![CDATA[Altec Lansing Backbeat Plus Heaphones for iPod/iPhone]]></Description>
				<DealURL>http://deals.ebay.com/5000017821_Altec_Lansing_Backbeat_Plus_Heaphones_for_iPod_iPhone
				</DealURL>
				<ConvertedCurrentPrice>16.99</ConvertedCurrentPrice>
				<PrimaryCategoryName>Electronics:iPod &amp; MP3
					Accessories:Headphones &amp; Earbuds</PrimaryCategoryName>
				<PrimaryCategoryId>112529</PrimaryCategoryId>
				<Location>Fort Lauderdale</Location>
				<Quantity>1856</Quantity>
				<QuantitySold>144</QuantitySold>
				<MSRP>49.95</MSRP>
				<SavingsRate>66%</SavingsRate>
				<AutoPay>false</AutoPay>
				<Hot>false</Hot>
			</Item>
		</MoreDealsSection>
		<MoreDealsSection>
			<SectionTitle>Great Deals under $10</SectionTitle>
			<Item>
				<ItemId>190420768296</ItemId>
				<EndTime>1281985259000</EndTime>
				<PictureURL>http://i.ebayimg.com/24/!!fDDYb!C(U~$(KGrHqYOKjIE)OJ1,T!ZBMYzjcji+w~~_35.JPG
				</PictureURL>
				<SmallPictureURL>http://i.ebayimg.com/24/!!fDDYb!C(U~$(KGrHqYOKjIE)OJ1,T!ZBMYzjcji+w~~_14.JPG
				</SmallPictureURL>
				<Picture175Url>http://i.ebayimg.com/24/!!fDDYb!C(U~$(KGrHqYOKjIE)OJ1,T!ZBMYzjcji+w~~_37.JPG
				</Picture175Url>
				<Title><![CDATA[6 in 1 Multifunction Plier with LED Flashlight]]></Title>
				<Description><![CDATA[6 in 1 Multifunction Plier with LED Flashlight]]></Description>
				<DealURL>http://deals.ebay.com/5000017720_6_in_1_Multifunction_Plier_with_LED_Flashlight
				</DealURL>
				<ConvertedCurrentPrice>5.99</ConvertedCurrentPrice>
				<PrimaryCategoryName>Sporting Goods:Outdoor Sports:Camping &amp;
					Hiking:Clothing, Shoes &amp; Accessories:Other
				</PrimaryCategoryName>
				<PrimaryCategoryId>27362</PrimaryCategoryId>
				<Location> Fast,Fast Shipping from</Location>
				<Quantity>1021</Quantity>
				<QuantitySold>168</QuantitySold>
				<MSRP>24.99</MSRP>
				<SavingsRate>76%</SavingsRate>
				<AutoPay>true</AutoPay>
				<Hot>false</Hot>
			</Item>
			<Item>
				<ItemId>300454371782</ItemId>
				<EndTime>1281985259000</EndTime>
				<PictureURL>http://i.ebayimg.com/15/!!fDDZK!!3U~$(KGrHqQOKjYEwr8oyNuKBMYzmUqEJQ~~_35.JPG
				</PictureURL>
				<SmallPictureURL>http://i.ebayimg.com/15/!!fDDZK!!3U~$(KGrHqQOKjYEwr8oyNuKBMYzmUqEJQ~~_14.JPG
				</SmallPictureURL>
				<Picture175Url>http://i.ebayimg.com/15/!!fDDZK!!3U~$(KGrHqQOKjYEwr8oyNuKBMYzmUqEJQ~~_37.JPG
				</Picture175Url>
				<Title><![CDATA[2 Pro Duo USB 2.0 Card Reader Adapter Memory Stick]]></Title>
				<Description><![CDATA[2 Pro Duo USB 2.0 Card Reader Adapter Memory Stick]]></Description>
				<DealURL>http://deals.ebay.com/5000017722_2_Pro_Duo_USB_2_0_Card_Reader_Adapter_Memory_Stick
				</DealURL>
				<ConvertedCurrentPrice>4.99</ConvertedCurrentPrice>
				<PrimaryCategoryName>Computers &amp; Networking:Computer
					Accessories:Memory Card Readers</PrimaryCategoryName>
				<PrimaryCategoryId>51082</PrimaryCategoryId>
				<Location>United States</Location>
				<Quantity>466</Quantity>
				<QuantitySold>304</QuantitySold>
				<MSRP>15.99</MSRP>
				<SavingsRate>69%</SavingsRate>
				<AutoPay>false</AutoPay>
				<Hot>false</Hot>
			</Item>
			<Item>
				<ItemId>370418377070</ItemId>
				<EndTime>1281985259000</EndTime>
				<PictureURL>http://i.ebayimg.com/04/!!fDDZlgB3U~$(KGrHqUOKjEE)Ve1wB7rBMYzo!iePw~~_35.JPG
				</PictureURL>
				<SmallPictureURL>http://i.ebayimg.com/04/!!fDDZlgB3U~$(KGrHqUOKjEE)Ve1wB7rBMYzo!iePw~~_14.JPG
				</SmallPictureURL>
				<Picture175Url>http://i.ebayimg.com/04/!!fDDZlgB3U~$(KGrHqUOKjEE)Ve1wB7rBMYzo!iePw~~_37.JPG
				</Picture175Url>
				<Title><![CDATA[White Stereo Speaker for 3.5mm Jack MP3 or Cell]]></Title>
				<Description><![CDATA[White Stereo Speaker for 3.5mm Jack MP3 or Cell]]></Description>
				<DealURL>http://deals.ebay.com/5000017724_White_Stereo_Speaker_for_3_5mm_Jack_MP3_or_Cell
				</DealURL>
				<ConvertedCurrentPrice>4.99</ConvertedCurrentPrice>
				<PrimaryCategoryName>Electronics:iPod &amp; MP3 Accessories:Speakers
				</PrimaryCategoryName>
				<PrimaryCategoryId>111694</PrimaryCategoryId>
				<Location>United States</Location>
				<Quantity>298</Quantity>
				<QuantitySold>202</QuantitySold>
				<MSRP>14.99</MSRP>
				<SavingsRate>67%</SavingsRate>
				<AutoPay>false</AutoPay>
				<Hot>false</Hot>
			</Item>
			<Item>
				<ItemId>370410593987</ItemId>
				<EndTime>1281970799000</EndTime>
				<PictureURL>http://i.ebayimg.com/18/!!fDD,twEHU~$(KGrHqUOKkME)Ou2okCiBMYzsGWgHw~~_35.JPG
				</PictureURL>
				<SmallPictureURL>http://i.ebayimg.com/18/!!fDD,twEHU~$(KGrHqUOKkME)Ou2okCiBMYzsGWgHw~~_14.JPG
				</SmallPictureURL>
				<Picture175Url>http://i.ebayimg.com/18/!!fDD,twEHU~$(KGrHqUOKkME)Ou2okCiBMYzsGWgHw~~_37.JPG
				</Picture175Url>
				<Title><![CDATA[2 Solid Copper Unisex Magnetic Bracelets]]></Title>
				<Description><![CDATA[2 Solid Copper Unisex Magnetic Bracelets]]></Description>
				<DealURL>http://deals.ebay.com/5000017730_2_Solid_Copper_Unisex_Magnetic_Bracelets
				</DealURL>
				<ConvertedCurrentPrice>5.00</ConvertedCurrentPrice>
				<PrimaryCategoryName>Jewelry &amp; Watches:Fashion
					Jewelry:Bracelets:Other</PrimaryCategoryName>
				<PrimaryCategoryId>92727</PrimaryCategoryId>
				<Location>San Leandro, CA</Location>
				<Quantity>443</Quantity>
				<QuantitySold>216</QuantitySold>
				<MSRP>12.99</MSRP>
				<SavingsRate>62%</SavingsRate>
				<AutoPay>false</AutoPay>
				<Hot>false</Hot>
			</Item>
			<Item>
				<ItemId>370419140754</ItemId>
				<EndTime>1281985259000</EndTime>
				<PictureURL>http://i.ebayimg.com/17/!!fDFgiw!3U~$(KGrHqIOKiYEwwoKndFEBMZCoyNeWw~~_35.JPG
				</PictureURL>
				<SmallPictureURL>http://i.ebayimg.com/17/!!fDFgiw!3U~$(KGrHqIOKiYEwwoKndFEBMZCoyNeWw~~_14.JPG
				</SmallPictureURL>
				<Picture175Url>http://i.ebayimg.com/17/!!fDFgiw!3U~$(KGrHqIOKiYEwwoKndFEBMZCoyNeWw~~_37.JPG
				</Picture175Url>
				<Title><![CDATA[Sara's Prints Boys Long Sleeve Shirt]]></Title>
				<Description><![CDATA[Sara's Prints Boys Long Sleeve Shirt]]></Description>
				<DealURL>http://deals.ebay.com/5000017817_Sara_s_Prints_Boys_Long_Sleeve_Shirt
				</DealURL>
				<ConvertedCurrentPrice>4.95</ConvertedCurrentPrice>
				<PrimaryCategoryName>Clothing, Shoes &amp; Accessories:Children's
					Clothing &amp; Shoes:Boys-Clothing (Sizes 4-18+):Other
				</PrimaryCategoryName>
				<PrimaryCategoryId>1067</PrimaryCategoryId>
				<Location>San Leandro, CA</Location>
				<Quantity>768</Quantity>
				<QuantitySold>27</QuantitySold>
				<MSRP>19.95</MSRP>
				<SavingsRate>75%</SavingsRate>
				<AutoPay>false</AutoPay>
				<Hot>false</Hot>
			</Item>
			<Item>
				<ItemId>330457884123</ItemId>
				<EndTime>1281985259000</EndTime>
				<PictureURL>http://i.ebayimg.com/09/!!fDDbKQEHU~$(KGrHqZ,!iwEw5K+Pc2mBMYzuEFp(w~~_35.JPG
				</PictureURL>
				<SmallPictureURL>http://i.ebayimg.com/09/!!fDDbKQEHU~$(KGrHqZ,!iwEw5K+Pc2mBMYzuEFp(w~~_14.JPG
				</SmallPictureURL>
				<Picture175Url>http://i.ebayimg.com/09/!!fDDbKQEHU~$(KGrHqZ,!iwEw5K+Pc2mBMYzuEFp(w~~_37.JPG
				</Picture175Url>
				<Title><![CDATA[3 Broom Hook Wall Organizer]]></Title>
				<Description><![CDATA[3 Broom Hook Wall Organizer]]></Description>
				<DealURL>http://deals.ebay.com/5000017732_3_Broom_Hook_Wall_Organizer
				</DealURL>
				<ConvertedCurrentPrice>5.00</ConvertedCurrentPrice>
				<PrimaryCategoryName>Home &amp; Garden:Inside the Home:Housekeeping
					&amp; Organization:Home Organization:Hangers</PrimaryCategoryName>
				<PrimaryCategoryId>43505</PrimaryCategoryId>
				<Location>Chicago, IL</Location>
				<Quantity>2842</Quantity>
				<QuantitySold>158</QuantitySold>
				<MSRP>15.00</MSRP>
				<SavingsRate>67%</SavingsRate>
				<AutoPay>false</AutoPay>
				<Hot>false</Hot>
			</Item>
			<Item>
				<ItemId>360287103837</ItemId>
				<EndTime>1281985259000</EndTime>
				<PictureURL>http://i.ebayimg.com/10/!!fDDbbQEHU~$(KGrHqEOKn!Ew7tn4fjEBMYzvJuo-w~~_35.JPG
				</PictureURL>
				<SmallPictureURL>http://i.ebayimg.com/10/!!fDDbbQEHU~$(KGrHqEOKn!Ew7tn4fjEBMYzvJuo-w~~_14.JPG
				</SmallPictureURL>
				<Picture175Url>http://i.ebayimg.com/10/!!fDDbbQEHU~$(KGrHqEOKn!Ew7tn4fjEBMYzvJuo-w~~_37.JPG
				</Picture175Url>
				<Title><![CDATA[Gold USA Olympic Heart Bracelet]]></Title>
				<Description><![CDATA[Gold USA Olympic Heart Bracelet]]></Description>
				<DealURL>http://deals.ebay.com/5000017734_Gold_USA_Olympic_Heart_Bracelet
				</DealURL>
				<ConvertedCurrentPrice>8.99</ConvertedCurrentPrice>
				<PrimaryCategoryName>Sports Mem, Cards &amp; Fan Shop:Fan Apparel
					&amp; Souvenirs:Olympics</PrimaryCategoryName>
				<PrimaryCategoryId>27291</PrimaryCategoryId>
				<Location>Columbia, SC</Location>
				<Quantity>241</Quantity>
				<QuantitySold>19</QuantitySold>
				<MSRP>24.99</MSRP>
				<SavingsRate>64%</SavingsRate>
				<AutoPay>false</AutoPay>
				<Hot>false</Hot>
			</Item>
			<Item>
				<ItemId>390225263035</ItemId>
				<EndTime>1281985259000</EndTime>
				<PictureURL>http://i.ebayimg.com/20/!!fDDbw!!(U~$(KGrHqMOKjkE)N1p4lc5BMYzwcJ,hg~~_35.JPG
				</PictureURL>
				<SmallPictureURL>http://i.ebayimg.com/20/!!fDDbw!!(U~$(KGrHqMOKjkE)N1p4lc5BMYzwcJ,hg~~_14.JPG
				</SmallPictureURL>
				<Picture175Url>http://i.ebayimg.com/20/!!fDDbw!!(U~$(KGrHqMOKjkE)N1p4lc5BMYzwcJ,hg~~_37.JPG
				</Picture175Url>
				<Title><![CDATA[20 Hallmark Thank You Cards with Envelopes]]></Title>
				<Description><![CDATA[20 Hallmark Thank You Cards with Envelopes]]></Description>
				<DealURL>http://deals.ebay.com/5000017736_20_Hallmark_Thank_You_Cards_with_Envelopes
				</DealURL>
				<ConvertedCurrentPrice>5.00</ConvertedCurrentPrice>
				<PrimaryCategoryName>Home &amp; Garden:Holidays, Cards &amp; Party
					Supply:Cards &amp; Stationery:Greeting Cards</PrimaryCategoryName>
				<PrimaryCategoryId>16092</PrimaryCategoryId>
				<Location>Chicago, IL</Location>
				<Quantity>62</Quantity>
				<QuantitySold>113</QuantitySold>
				<MSRP>12.00</MSRP>
				<SavingsRate>58%</SavingsRate>
				<AutoPay>false</AutoPay>
				<Hot>false</Hot>
			</Item>
		</MoreDealsSection>
		<MoreDealsSection>
			<SectionTitle>Great Deals in Home &amp; Garden </SectionTitle>
			<Item>
				<ItemId>330459355907</ItemId>
				<EndTime>1281985259000</EndTime>
				<PictureURL>http://i.ebayimg.com/07/!!fDFh+wE(U~$(KGrHqIOKnEEw9CtuvE9BMZCwGuRYQ~~_35.JPG
				</PictureURL>
				<SmallPictureURL>http://i.ebayimg.com/07/!!fDFh+wE(U~$(KGrHqIOKnEEw9CtuvE9BMZCwGuRYQ~~_14.JPG
				</SmallPictureURL>
				<Picture175Url>http://i.ebayimg.com/07/!!fDFh+wE(U~$(KGrHqIOKnEEw9CtuvE9BMZCwGuRYQ~~_37.JPG
				</Picture175Url>
				<Title><![CDATA[Quickjet Multi Function Cleaning System]]></Title>
				<Description><![CDATA[Quickjet Multi Function Cleaning System]]></Description>
				<DealURL>http://deals.ebay.com/5000017819_Quickjet_Multi_Function_Cleaning_System
				</DealURL>
				<ConvertedCurrentPrice>18.99</ConvertedCurrentPrice>
				<PrimaryCategoryName>Home &amp; Garden:Inside the Home:Housekeeping
					&amp; Organization:Cleaning Supplies:Mops &amp; Brooms
				</PrimaryCategoryName>
				<PrimaryCategoryId>20607</PrimaryCategoryId>
				<Location>Chicago, IL</Location>
				<Quantity>180</Quantity>
				<QuantitySold>20</QuantitySold>
				<MSRP>40.00</MSRP>
				<SavingsRate>53%</SavingsRate>
				<AutoPay>false</AutoPay>
				<Hot>false</Hot>
			</Item>
			<Item>
				<ItemId>370416497165</ItemId>
				<EndTime>1281985259000</EndTime>
				<PictureURL>http://i.ebayimg.com/19/!!fDDeyw!nU~$(KGrHqUOKicE)(fgFcRkBMY0QhRB9!~~_35.JPG
				</PictureURL>
				<SmallPictureURL>http://i.ebayimg.com/19/!!fDDeyw!nU~$(KGrHqUOKicE)(fgFcRkBMY0QhRB9!~~_14.JPG
				</SmallPictureURL>
				<Picture175Url>http://i.ebayimg.com/19/!!fDDeyw!nU~$(KGrHqUOKicE)(fgFcRkBMY0QhRB9!~~_37.JPG
				</Picture175Url>
				<Title><![CDATA[Farberware Professional Stainless Steel Cutter]]></Title>
				<Description><![CDATA[Farberware Professional Stainless Steel Cutter]]></Description>
				<DealURL>http://deals.ebay.com/5000017760_Farberware_Professional_Stainless_Steel_Cutter
				</DealURL>
				<ConvertedCurrentPrice>6.99</ConvertedCurrentPrice>
				<PrimaryCategoryName>Home &amp; Garden:Inside the Home:Kitchen,
					Dining &amp; Bar:Kitchen Tools &amp; Gadgets:Scoops
				</PrimaryCategoryName>
				<PrimaryCategoryId>46284</PrimaryCategoryId>
				<Location>United States</Location>
				<Quantity>414</Quantity>
				<QuantitySold>211</QuantitySold>
				<MSRP>12.99</MSRP>
				<SavingsRate>46%</SavingsRate>
				<AutoPay>false</AutoPay>
				<Hot>false</Hot>
			</Item>
			<Item>
				<ItemId>370418332259</ItemId>
				<EndTime>1281985259000</EndTime>
				<PictureURL>http://i.ebayimg.com/02/!!fDDe1!BHU~$(KGrHqZ,!j!Ew5R!LO)GBMY0SEiSfw~~_35.JPG
				</PictureURL>
				<SmallPictureURL>http://i.ebayimg.com/02/!!fDDe1!BHU~$(KGrHqZ,!j!Ew5R!LO)GBMY0SEiSfw~~_14.JPG
				</SmallPictureURL>
				<Picture175Url>http://i.ebayimg.com/02/!!fDDe1!BHU~$(KGrHqZ,!j!Ew5R!LO)GBMY0SEiSfw~~_37.JPG
				</Picture175Url>
				<Title><![CDATA[42 LED Metal Flashlight]]></Title>
				<Description><![CDATA[42 LED Metal Flashlight]]></Description>
				<DealURL>http://deals.ebay.com/5000017762_42_LED_Metal_Flashlight
				</DealURL>
				<ConvertedCurrentPrice>12.99</ConvertedCurrentPrice>
				<PrimaryCategoryName>Home &amp; Garden:Tools:Flashlights
				</PrimaryCategoryName>
				<PrimaryCategoryId>20760</PrimaryCategoryId>
				<Location>United States</Location>
				<Quantity>389</Quantity>
				<QuantitySold>111</QuantitySold>
				<MSRP>29.99</MSRP>
				<SavingsRate>57%</SavingsRate>
				<AutoPay>false</AutoPay>
				<Hot>false</Hot>
			</Item>
			<Item>
				<ItemId>390225297654</ItemId>
				<EndTime>1281985259000</EndTime>
				<PictureURL>http://i.ebayimg.com/23/!!fDDe1wB(U~$(KGrHqN,!ikEw5hrnFyzBMY0TNG-cQ~~_35.JPG
				</PictureURL>
				<SmallPictureURL>http://i.ebayimg.com/23/!!fDDe1wB(U~$(KGrHqN,!ikEw5hrnFyzBMY0TNG-cQ~~_14.JPG
				</SmallPictureURL>
				<Picture175Url>http://i.ebayimg.com/23/!!fDDe1wB(U~$(KGrHqN,!ikEw5hrnFyzBMY0TNG-cQ~~_37.JPG
				</Picture175Url>
				<Title><![CDATA[3 Underbed Organizers]]></Title>
				<Description><![CDATA[3 Underbed Organizers]]></Description>
				<DealURL>http://deals.ebay.com/5000017765_3_Underbed_Organizers
				</DealURL>
				<ConvertedCurrentPrice>11.99</ConvertedCurrentPrice>
				<PrimaryCategoryName>Home &amp; Garden:Inside the Home:Housekeeping
					&amp; Organization:Home Organization:Storage Bags
				</PrimaryCategoryName>
				<PrimaryCategoryId>43504</PrimaryCategoryId>
				<Location>United States</Location>
				<Quantity>849</Quantity>
				<QuantitySold>151</QuantitySold>
				<MSRP>21.99</MSRP>
				<SavingsRate>45%</SavingsRate>
				<AutoPay>false</AutoPay>
				<Hot>false</Hot>
			</Item>
			<Item>
				<ItemId>300454364574</ItemId>
				<EndTime>1281985259000</EndTime>
				<PictureURL>http://i.ebayimg.com/08/!!fDDe5wCHU~$(KGrHqZ,!jgEw44nDg4tBMY0UgKpNg~~_35.JPG
				</PictureURL>
				<SmallPictureURL>http://i.ebayimg.com/08/!!fDDe5wCHU~$(KGrHqZ,!jgEw44nDg4tBMY0UgKpNg~~_14.JPG
				</SmallPictureURL>
				<Picture175Url>http://i.ebayimg.com/08/!!fDDe5wCHU~$(KGrHqZ,!jgEw44nDg4tBMY0UgKpNg~~_37.JPG
				</Picture175Url>
				<Title><![CDATA[Shark Versatile 1400 Watt Iron- Refurbished]]></Title>
				<Description><![CDATA[Shark Versatile 1400 Watt Iron- Refurbished]]></Description>
				<DealURL>http://deals.ebay.com/5000017767_Shark_Versatile_1400_Watt_Iron_Refurbished
				</DealURL>
				<ConvertedCurrentPrice>22.99</ConvertedCurrentPrice>
				<PrimaryCategoryName>Home &amp; Garden:Inside the Home:Housekeeping
					&amp; Organization:Laundry Supplies:Irons</PrimaryCategoryName>
				<PrimaryCategoryId>43513</PrimaryCategoryId>
				<Location>United States</Location>
				<Quantity>978</Quantity>
				<QuantitySold>22</QuantitySold>
				<MSRP>29.99</MSRP>
				<SavingsRate>23%</SavingsRate>
				<AutoPay>false</AutoPay>
				<Hot>false</Hot>
			</Item>
			<Item>
				<ItemId>200506550570</ItemId>
				<EndTime>1281985259000</EndTime>
				<PictureURL>http://i.ebayimg.com/12/!!fDDe9gCHU~$(KGrHqR,!hIEw5JsEZO7BMY0V0Ehog~~_35.JPG
				</PictureURL>
				<SmallPictureURL>http://i.ebayimg.com/12/!!fDDe9gCHU~$(KGrHqR,!hIEw5JsEZO7BMY0V0Ehog~~_14.JPG
				</SmallPictureURL>
				<Picture175Url>http://i.ebayimg.com/12/!!fDDe9gCHU~$(KGrHqR,!hIEw5JsEZO7BMY0V0Ehog~~_37.JPG
				</Picture175Url>
				<Title><![CDATA[Thermo Tech Infrared Digital Thermometer]]></Title>
				<Description><![CDATA[Thermo Tech Infrared Digital Thermometer]]></Description>
				<DealURL>http://deals.ebay.com/5000017769_Thermo_Tech_Infrared_Digital_Thermometer
				</DealURL>
				<ConvertedCurrentPrice>39.99</ConvertedCurrentPrice>
				<PrimaryCategoryName>Business &amp; Industrial:Electrical &amp; Test
					Equipment:Test Equipment:Thermometers</PrimaryCategoryName>
				<PrimaryCategoryId>50974</PrimaryCategoryId>
				<Location>La Verne</Location>
				<Quantity>144</Quantity>
				<QuantitySold>56</QuantitySold>
				<MSRP>79.99</MSRP>
				<SavingsRate>50%</SavingsRate>
				<AutoPay>false</AutoPay>
				<Hot>false</Hot>
			</Item>
			<Item>
				<ItemId>310240669803</ItemId>
				<EndTime>1281970799000</EndTime>
				<PictureURL>http://i.ebayimg.com/20/!!fDDfBgE(U~$(KGrHqV,!iUEw5V!9hWYBMY0(BT8lg~~_35.JPG
				</PictureURL>
				<SmallPictureURL>http://i.ebayimg.com/20/!!fDDfBgE(U~$(KGrHqV,!iUEw5V!9hWYBMY0(BT8lg~~_14.JPG
				</SmallPictureURL>
				<Picture175Url>http://i.ebayimg.com/20/!!fDDfBgE(U~$(KGrHqV,!iUEw5V!9hWYBMY0(BT8lg~~_37.JPG
				</Picture175Url>
				<Title><![CDATA[Leifheit Cherry Stone or Pit Remover]]></Title>
				<Description><![CDATA[Leifheit Cherry Stone or Pit Remover]]></Description>
				<DealURL>http://deals.ebay.com/5000017771_Leifheit_Cherry_Stone_or_Pit_Remover
				</DealURL>
				<ConvertedCurrentPrice>25.95</ConvertedCurrentPrice>
				<PrimaryCategoryName>Home &amp; Garden:Inside the Home:Kitchen,
					Dining &amp; Bar:Kitchen Tools &amp; Gadgets:Other
				</PrimaryCategoryName>
				<PrimaryCategoryId>20651</PrimaryCategoryId>
				<Location>Brooklyn, New York</Location>
				<Quantity>86</Quantity>
				<QuantitySold>20</QuantitySold>
				<MSRP>34.95</MSRP>
				<SavingsRate>26%</SavingsRate>
				<AutoPay>true</AutoPay>
				<Hot>false</Hot>
			</Item>
		</MoreDealsSection>
		<MoreDealsSection>
			<SectionTitle>Great Deals in Jewelry &amp; Watches</SectionTitle>
			<Item>
				<ItemId>220648601926</ItemId>
				<EndTime>1281985259000</EndTime>
				<PictureURL>http://i.ebayimg.com/12/!!fDF(+wB(U~$(KGrHqV,!g0Ew5B+gNMeBMZCD77mb!~~_35.JPG
				</PictureURL>
				<SmallPictureURL>http://i.ebayimg.com/12/!!fDF(+wB(U~$(KGrHqV,!g0Ew5B+gNMeBMZCD77mb!~~_14.JPG
				</SmallPictureURL>
				<Picture175Url>http://i.ebayimg.com/12/!!fDF(+wB(U~$(KGrHqV,!g0Ew5B+gNMeBMZCD77mb!~~_37.JPG
				</Picture175Url>
				<Title><![CDATA[Mens Tungsten Ring- Various Styles]]></Title>
				<Description><![CDATA[Mens Tungsten Ring- Various Styles]]></Description>
				<DealURL>http://deals.ebay.com/5000017791_Mens_Tungsten_Ring_Various_Styles
				</DealURL>
				<ConvertedCurrentPrice>19.99</ConvertedCurrentPrice>
				<PrimaryCategoryName>Jewelry &amp; Watches:Men's Jewelry:Rings:Other
				</PrimaryCategoryName>
				<PrimaryCategoryId>10297</PrimaryCategoryId>
				<Location>New York</Location>
				<Quantity>943</Quantity>
				<QuantitySold>77</QuantitySold>
				<MSRP>149.00</MSRP>
				<SavingsRate>87%</SavingsRate>
				<AutoPay>true</AutoPay>
				<Hot>false</Hot>
			</Item>
			<Item>
				<ItemId>140438145731</ItemId>
				<EndTime>1281985259000</EndTime>
				<PictureURL>http://i.ebayimg.com/04/!!fDF)dQ!nU~$(KGrHqIOKiIE)THWFYoEBMZEKiur!w~~_35.JPG
				</PictureURL>
				<SmallPictureURL>http://i.ebayimg.com/04/!!fDF)dQ!nU~$(KGrHqIOKiIE)THWFYoEBMZEKiur!w~~_14.JPG
				</SmallPictureURL>
				<Picture175Url>http://i.ebayimg.com/04/!!fDF)dQ!nU~$(KGrHqIOKiIE)THWFYoEBMZEKiur!w~~_37.JPG
				</Picture175Url>
				<Title><![CDATA[Gold Tone Dangling Leaf Leverback Earrings]]></Title>
				<Description><![CDATA[Gold Tone Dangling Leaf Leverback Earrings]]></Description>
				<DealURL>http://deals.ebay.com/5000017823_Gold_Tone_Dangling_Leaf_Leverback_Earrings
				</DealURL>
				<ConvertedCurrentPrice>9.99</ConvertedCurrentPrice>
				<PrimaryCategoryName>Jewelry &amp; Watches:Fashion
					Jewelry:Earrings:Dangle &amp; Chandelier:Gold Plate/Fill (w/o
					Stone)</PrimaryCategoryName>
				<PrimaryCategoryId>86027</PrimaryCategoryId>
				<Location>New York, NY</Location>
				<Quantity>50</Quantity>
				<QuantitySold>100</QuantitySold>
				<MSRP>45.00</MSRP>
				<SavingsRate>78%</SavingsRate>
				<AutoPay>false</AutoPay>
				<Hot>false</Hot>
			</Item>
			<Item>
				<ItemId>370416527108</ItemId>
				<EndTime>1281985259000</EndTime>
				<PictureURL>http://i.ebayimg.com/03/!!fDFYhQBHU~$(KGrHqJ,!hoEw45rh0oeBMZCGHIb,Q~~_35.JPG
				</PictureURL>
				<SmallPictureURL>http://i.ebayimg.com/03/!!fDFYhQBHU~$(KGrHqJ,!hoEw45rh0oeBMZCGHIb,Q~~_14.JPG
				</SmallPictureURL>
				<Picture175Url>http://i.ebayimg.com/03/!!fDFYhQBHU~$(KGrHqJ,!hoEw45rh0oeBMZCGHIb,Q~~_37.JPG
				</Picture175Url>
				<Title><![CDATA[2.00 Ct CZ Studded Heart Pendant with Chain]]></Title>
				<Description><![CDATA[2.00 Ct CZ Studded Heart Pendant with Chain]]></Description>
				<DealURL>http://deals.ebay.com/5000017793_2_00_Ct_CZ_Studded_Heart_Pendant_with_Chain
				</DealURL>
				<ConvertedCurrentPrice>19.99</ConvertedCurrentPrice>
				<PrimaryCategoryName>Jewelry &amp; Watches:Fashion Jewelry:Necklaces
					&amp; Pendants:Pendants-Solitaire:Cubic Zirconia
				</PrimaryCategoryName>
				<PrimaryCategoryId>110939</PrimaryCategoryId>
				<Location>New York, New York</Location>
				<Quantity>975</Quantity>
				<QuantitySold>25</QuantitySold>
				<MSRP>99.85</MSRP>
				<SavingsRate>80%</SavingsRate>
				<AutoPay>true</AutoPay>
				<Hot>false</Hot>
			</Item>
			<Item>
				<ItemId>370418259678</ItemId>
				<EndTime>1281985259000</EndTime>
				<PictureURL>http://i.ebayimg.com/09/!!fDFZhQE(U~$(KGrHqQOKj!E)OD+v)QjBMZCKcioQ!~~_35.JPG
				</PictureURL>
				<SmallPictureURL>http://i.ebayimg.com/09/!!fDFZhQE(U~$(KGrHqQOKj!E)OD+v)QjBMZCKcioQ!~~_14.JPG
				</SmallPictureURL>
				<Picture175Url>http://i.ebayimg.com/09/!!fDFZhQE(U~$(KGrHqQOKj!E)OD+v)QjBMZCKcioQ!~~_37.JPG
				</Picture175Url>
				<Title><![CDATA[Sterling Silver Diamond Key Necklace]]></Title>
				<Description><![CDATA[Sterling Silver Diamond Key Necklace]]></Description>
				<DealURL>http://deals.ebay.com/5000017795_Sterling_Silver_Diamond_Key_Necklace
				</DealURL>
				<ConvertedCurrentPrice>25.95</ConvertedCurrentPrice>
				<PrimaryCategoryName>Jewelry &amp; Watches:Fine Jewelry:Fine
					Necklaces &amp; Pendants:Diamond</PrimaryCategoryName>
				<PrimaryCategoryId>164331</PrimaryCategoryId>
				<Location>Ohio</Location>
				<Quantity>171</Quantity>
				<QuantitySold>29</QuantitySold>
				<MSRP>99.99</MSRP>
				<SavingsRate>74%</SavingsRate>
				<AutoPay>false</AutoPay>
				<Hot>false</Hot>
			</Item>
			<Item>
				<ItemId>130417584617</ItemId>
				<EndTime>1281985259000</EndTime>
				<PictureURL>http://i.ebayimg.com/02/!!fDF,SQB(U~$(KGrHqMOKicE)RDWetH+BMZCOBrwzw~~_35.JPG
				</PictureURL>
				<SmallPictureURL>http://i.ebayimg.com/02/!!fDF,SQB(U~$(KGrHqMOKicE)RDWetH+BMZCOBrwzw~~_14.JPG
				</SmallPictureURL>
				<Picture175Url>http://i.ebayimg.com/02/!!fDF,SQB(U~$(KGrHqMOKicE)RDWetH+BMZCOBrwzw~~_37.JPG
				</Picture175Url>
				<Title><![CDATA[Sterling Silver Blue Denim Lapis or Onyx Earrings]]></Title>
				<Description><![CDATA[Sterling Silver Blue Denim Lapis or Onyx Earrings]]></Description>
				<DealURL>http://deals.ebay.com/5000017799_Sterling_Silver_Blue_Denim_Lapis_or_Onyx_Earrings
				</DealURL>
				<ConvertedCurrentPrice>12.99</ConvertedCurrentPrice>
				<PrimaryCategoryName>Jewelry &amp; Watches:Fashion
					Jewelry:Bracelets:Other</PrimaryCategoryName>
				<PrimaryCategoryId>92727</PrimaryCategoryId>
				<Location>New York, NY</Location>
				<Quantity>426</Quantity>
				<QuantitySold>20</QuantitySold>
				<MSRP>65.00</MSRP>
				<SavingsRate>80%</SavingsRate>
				<AutoPay>false</AutoPay>
				<Hot>false</Hot>
			</Item>
			<Item>
				<ItemId>190429296106</ItemId>
				<EndTime>1281985259000</EndTime>
				<PictureURL>http://i.ebayimg.com/24/!!fDF,ngBHU~$(KGrHqF,!h0Ew5QsVqbPBMZCPci2l!~~_35.JPG
				</PictureURL>
				<SmallPictureURL>http://i.ebayimg.com/24/!!fDF,ngBHU~$(KGrHqF,!h0Ew5QsVqbPBMZCPci2l!~~_14.JPG
				</SmallPictureURL>
				<Picture175Url>http://i.ebayimg.com/24/!!fDF,ngBHU~$(KGrHqF,!h0Ew5QsVqbPBMZCPci2l!~~_37.JPG
				</Picture175Url>
				<Title><![CDATA[Mens Toxic Bling Logo Stainless Steel Watch]]></Title>
				<Description><![CDATA[Men's toxic bling logo stainless steel watch]]></Description>
				<DealURL>http://deals.ebay.com/5000017801_Mens_Toxic_Bling_Logo_Stainless_Steel_Watch
				</DealURL>
				<ConvertedCurrentPrice>39.99</ConvertedCurrentPrice>
				<PrimaryCategoryName>Jewelry &amp; Watches:Other
				</PrimaryCategoryName>
				<PrimaryCategoryId>98863</PrimaryCategoryId>
				<Location>Sandy, UT</Location>
				<Quantity>193</Quantity>
				<QuantitySold>7</QuantitySold>
				<MSRP>125.00</MSRP>
				<SavingsRate>68%</SavingsRate>
				<AutoPay>true</AutoPay>
				<Hot>false</Hot>
			</Item>
			<Item>
				<ItemId>390222340582</ItemId>
				<EndTime>1281985259000</EndTime>
				<PictureURL>http://i.ebayimg.com/01/!!fDFbFg!nU~$(KGrHqEOKiME)Rbczd8pBMZCRGW,Ew~~_35.JPG
				</PictureURL>
				<SmallPictureURL>http://i.ebayimg.com/01/!!fDFbFg!nU~$(KGrHqEOKiME)Rbczd8pBMZCRGW,Ew~~_14.JPG
				</SmallPictureURL>
				<Picture175Url>http://i.ebayimg.com/01/!!fDFbFg!nU~$(KGrHqEOKiME)Rbczd8pBMZCRGW,Ew~~_37.JPG
				</Picture175Url>
				<Title><![CDATA[Sterling Silver Hoop Tourmaline Dangle Earrings]]></Title>
				<Description><![CDATA[Sterling Silver Hoop Tourmaline Dangle Earrings]]></Description>
				<DealURL>http://deals.ebay.com/5000017803_Sterling_Silver_Hoop_Tourmaline_Dangle_Earrings
				</DealURL>
				<ConvertedCurrentPrice>17.99</ConvertedCurrentPrice>
				<PrimaryCategoryName>Jewelry &amp; Watches:Fashion
					Jewelry:Earrings:Dangle &amp; Chandelier:Other
				</PrimaryCategoryName>
				<PrimaryCategoryId>86043</PrimaryCategoryId>
				<Location>New York, New York</Location>
				<Quantity>985</Quantity>
				<QuantitySold>15</QuantitySold>
				<MSRP>104.99</MSRP>
				<SavingsRate>83%</SavingsRate>
				<AutoPay>false</AutoPay>
				<Hot>false</Hot>
			</Item>
			<Item>
				<ItemId>280541613689</ItemId>
				<EndTime>1281985259000</EndTime>
				<PictureURL>http://i.ebayimg.com/19/!!fDFy(!!(U~$(KGrHqR,!hgEw5kBW09)BMZEP2zLuw~~_35.JPG
				</PictureURL>
				<SmallPictureURL>http://i.ebayimg.com/19/!!fDFy(!!(U~$(KGrHqR,!hgEw5kBW09)BMZEP2zLuw~~_14.JPG
				</SmallPictureURL>
				<Picture175Url>http://i.ebayimg.com/19/!!fDFy(!!(U~$(KGrHqR,!hgEw5kBW09)BMZEP2zLuw~~_37.JPG
				</Picture175Url>
				<Title><![CDATA[Geneva Quartz White Silicone Strap Watch]]></Title>
				<Description><![CDATA[Geneva Quartz White Silicone Strap Watch]]></Description>
				<DealURL>http://deals.ebay.com/5000017825_Geneva_Quartz_White_Silicone_Strap_Watch
				</DealURL>
				<ConvertedCurrentPrice>15.99</ConvertedCurrentPrice>
				<PrimaryCategoryName>Jewelry &amp; Watches:Watches:Wristwatches
				</PrimaryCategoryName>
				<PrimaryCategoryId>31387</PrimaryCategoryId>
				<Location>Kennesaw, Georgia</Location>
				<Quantity>215</Quantity>
				<QuantitySold>60</QuantitySold>
				<MSRP>54.99</MSRP>
				<SavingsRate>71%</SavingsRate>
				<AutoPay>false</AutoPay>
				<Hot>false</Hot>
			</Item>
			<Item>
				<ItemId>310235670827</ItemId>
				<EndTime>1281985259000</EndTime>
				<PictureURL>http://i.ebayimg.com/02/!!fDFcJgBHU~$(KGrHqUOKjsE)OkY19(fBMZCVwM-3g~~_35.JPG
				</PictureURL>
				<SmallPictureURL>http://i.ebayimg.com/02/!!fDFcJgBHU~$(KGrHqUOKjsE)OkY19(fBMZCVwM-3g~~_14.JPG
				</SmallPictureURL>
				<Picture175Url>http://i.ebayimg.com/02/!!fDFcJgBHU~$(KGrHqUOKjsE)OkY19(fBMZCVwM-3g~~_37.JPG
				</Picture175Url>
				<Title><![CDATA[Peridot August Birthstone Sterling Silver Earrings]]></Title>
				<Description><![CDATA[Peridot August Birthstone Sterling Silver Earring]]></Description>
				<DealURL>http://deals.ebay.com/5000017805_Peridot_August_Birthstone_Sterling_Silver_Earrings
				</DealURL>
				<ConvertedCurrentPrice>17.49</ConvertedCurrentPrice>
				<PrimaryCategoryName>Jewelry &amp; Watches:Fine Jewelry:Fine
					Earrings:Gemstone</PrimaryCategoryName>
				<PrimaryCategoryId>164321</PrimaryCategoryId>
				<Location>Franklin, NC</Location>
				<Quantity>426</Quantity>
				<QuantitySold>74</QuantitySold>
				<MSRP>84.99</MSRP>
				<SavingsRate>79%</SavingsRate>
				<AutoPay>false</AutoPay>
				<Hot>false</Hot>
			</Item>
		</MoreDealsSection>
		<MoreDealsSection>
			<SectionTitle>Great Deals on Premium Brands</SectionTitle>
			<Item>
				<ItemId>270618645729</ItemId>
				<EndTime>1281970799000</EndTime>
				<PictureURL>http://i.ebayimg.com/15/!!fDGGPQBHU~$(KGrHqR,!joEw5Tue(BhBMZFE65-d!~~_35.JPG
				</PictureURL>
				<SmallPictureURL>http://i.ebayimg.com/15/!!fDGGPQBHU~$(KGrHqR,!joEw5Tue(BhBMZFE65-d!~~_14.JPG
				</SmallPictureURL>
				<Picture175Url>http://i.ebayimg.com/15/!!fDGGPQBHU~$(KGrHqR,!joEw5Tue(BhBMZFE65-d!~~_37.JPG
				</Picture175Url>
				<Title><![CDATA[Epson Perfection V500 Photo Scanner]]></Title>
				<Description><![CDATA[Epson Perfection V500 Photo Scanner]]></Description>
				<DealURL>http://deals.ebay.com/5000017829_Epson_Perfection_V500_Photo_Scanner
				</DealURL>
				<ConvertedCurrentPrice>99.99</ConvertedCurrentPrice>
				<PrimaryCategoryName>Computers &amp; Networking:Scanners:Other
				</PrimaryCategoryName>
				<PrimaryCategoryId>3751</PrimaryCategoryId>
				<Location>Monsey, New York</Location>
				<Quantity>1491</Quantity>
				<QuantitySold>78</QuantitySold>
				<MSRP>249.99</MSRP>
				<SavingsRate>60%</SavingsRate>
				<AutoPay>true</AutoPay>
				<Hot>false</Hot>
			</Item>
			<Item>
				<ItemId>360285031702</ItemId>
				<EndTime>1281985259000</EndTime>
				<PictureURL>http://i.ebayimg.com/03/!!fDFd5g!nU~$(KGrHqQOKi!Ew0mBKqoOBMZCc2st0!~~_35.JPG
				</PictureURL>
				<SmallPictureURL>http://i.ebayimg.com/03/!!fDFd5g!nU~$(KGrHqQOKi!Ew0mBKqoOBMZCc2st0!~~_14.JPG
				</SmallPictureURL>
				<Picture175Url>http://i.ebayimg.com/03/!!fDFd5g!nU~$(KGrHqQOKi!Ew0mBKqoOBMZCc2st0!~~_37.JPG
				</Picture175Url>
				<Title><![CDATA[Sony DSLR-A230/l Digital Camera and Lens- Refurbished]]></Title>
				<Description><![CDATA[Sony DSLR-A230/l Digital Camera and Lens- Refurbished]]></Description>
				<DealURL>http://deals.ebay.com/5000017807_Sony_DSLR_A230_l_Digital_Camera_and_Lens_Refurbished
				</DealURL>
				<ConvertedCurrentPrice>299.99</ConvertedCurrentPrice>
				<PrimaryCategoryName>Cameras &amp; Photo:Digital Cameras
				</PrimaryCategoryName>
				<PrimaryCategoryId>31388</PrimaryCategoryId>
				<Location>WA State</Location>
				<Quantity>175</Quantity>
				<QuantitySold>25</QuantitySold>
				<MSRP>449.99</MSRP>
				<SavingsRate>33%</SavingsRate>
				<AutoPay>true</AutoPay>
				<Hot>false</Hot>
			</Item>
			<Item>
				<ItemId>270611846282</ItemId>
				<EndTime>1281985259000</EndTime>
				<PictureURL>http://i.ebayimg.com/21/!!fDFecQ!(U~$(KGrHqV,!iMEw5idpeGeBMZCf(OC-w~~_35.JPG
				</PictureURL>
				<SmallPictureURL>http://i.ebayimg.com/21/!!fDFecQ!(U~$(KGrHqV,!iMEw5idpeGeBMZCf(OC-w~~_14.JPG
				</SmallPictureURL>
				<Picture175Url>http://i.ebayimg.com/21/!!fDFecQ!(U~$(KGrHqV,!iMEw5idpeGeBMZCf(OC-w~~_37.JPG
				</Picture175Url>
				<Title><![CDATA[Denon S-302 DVD Home Theatre System and Stands]]></Title>
				<Description><![CDATA[Denon S-302 DVD Home Theatre System and Stands]]></Description>
				<DealURL>http://deals.ebay.com/5000017809_Denon_S_302_DVD_Home_Theatre_System_and_Stands
				</DealURL>
				<ConvertedCurrentPrice>699.00</ConvertedCurrentPrice>
				<PrimaryCategoryName>Electronics:DVD &amp; Home Theater:Home Theater
					Systems</PrimaryCategoryName>
				<PrimaryCategoryId>72406</PrimaryCategoryId>
				<Location>New York</Location>
				<Quantity>142</Quantity>
				<QuantitySold>8</QuantitySold>
				<MSRP>1598.00</MSRP>
				<SavingsRate>56%</SavingsRate>
				<AutoPay>false</AutoPay>
				<Hot>false</Hot>
			</Item>
			<Item>
				<ItemId>230505625837</ItemId>
				<EndTime>1281985259000</EndTime>
				<PictureURL>http://i.ebayimg.com/22/!!fDFe2wB(U~$(KGrHqQOKnMEw8+1SFTcBMZCg-IqTg~~_35.JPG
				</PictureURL>
				<SmallPictureURL>http://i.ebayimg.com/22/!!fDFe2wB(U~$(KGrHqQOKnMEw8+1SFTcBMZCg-IqTg~~_14.JPG
				</SmallPictureURL>
				<Picture175Url>http://i.ebayimg.com/22/!!fDFe2wB(U~$(KGrHqQOKnMEw8+1SFTcBMZCg-IqTg~~_37.JPG
				</Picture175Url>
				<Title><![CDATA[Samsung 27in LCD HD Monitor- Refurbished]]></Title>
				<Description><![CDATA[Samsung 27in LCD HD Monitor- Refurbished]]></Description>
				<DealURL>http://deals.ebay.com/5000017811_Samsung_27in_LCD_HD_Monitor_Refurbished
				</DealURL>
				<ConvertedCurrentPrice>270.00</ConvertedCurrentPrice>
				<PrimaryCategoryName>Computers &amp; Networking:Monitors &amp;
					Projectors:Monitors</PrimaryCategoryName>
				<PrimaryCategoryId>80053</PrimaryCategoryId>
				<Location>Solon, OH</Location>
				<Quantity>466</Quantity>
				<QuantitySold>34</QuantitySold>
				<MSRP>565.00</MSRP>
				<SavingsRate>52%</SavingsRate>
				<AutoPay>true</AutoPay>
				<Hot>false</Hot>
			</Item>
			<Item>
				<ItemId>190425390472</ItemId>
				<EndTime>1281985259000</EndTime>
				<PictureURL>http://i.ebayimg.com/02/!!fDFfLgB3U~$(KGrHqF,!i0Ew5WCg,OFBMZCifu+ow~~_35.JPG
				</PictureURL>
				<SmallPictureURL>http://i.ebayimg.com/02/!!fDFfLgB3U~$(KGrHqF,!i0Ew5WCg,OFBMZCifu+ow~~_14.JPG
				</SmallPictureURL>
				<Picture175Url>http://i.ebayimg.com/02/!!fDFfLgB3U~$(KGrHqF,!i0Ew5WCg,OFBMZCifu+ow~~_37.JPG
				</Picture175Url>
				<Title><![CDATA[Sea-doo Aqua Mate Motorized Inflatable Jet Ski]]></Title>
				<Description><![CDATA[Sea-doo Aqua Mate Motorized Inflatable Jet Ski]]></Description>
				<DealURL>http://deals.ebay.com/5000017813_Sea_doo_Aqua_Mate_Motorized_Inflatable_Jet_Ski
				</DealURL>
				<ConvertedCurrentPrice>99.99</ConvertedCurrentPrice>
				<PrimaryCategoryName>Sporting Goods:Water Sports:Other
				</PrimaryCategoryName>
				<PrimaryCategoryId>159151</PrimaryCategoryId>
				<Location>USA</Location>
				<Quantity>186</Quantity>
				<QuantitySold>14</QuantitySold>
				<MSRP>199.99</MSRP>
				<SavingsRate>50%</SavingsRate>
				<AutoPay>true</AutoPay>
				<Hot>false</Hot>
			</Item>
			<Item>
				<ItemId>350384345793</ItemId>
				<EndTime>1281985259000</EndTime>
				<PictureURL>http://i.ebayimg.com/01/!!fDFfg!!(U~$(KGrHqR,!iQEw5yWTwYrBMZCj+NyN!~~_35.JPG
				</PictureURL>
				<SmallPictureURL>http://i.ebayimg.com/01/!!fDFfg!!(U~$(KGrHqR,!iQEw5yWTwYrBMZCj+NyN!~~_14.JPG
				</SmallPictureURL>
				<Picture175Url>http://i.ebayimg.com/01/!!fDFfg!!(U~$(KGrHqR,!iQEw5yWTwYrBMZCj+NyN!~~_37.JPG
				</Picture175Url>
				<Title><![CDATA[Zodiac Swiss Mens White Adventure Chrono Watch]]></Title>
				<Description><![CDATA[Zodiac Swiss Mens White Adventure Chrono Watch]]></Description>
				<DealURL>http://deals.ebay.com/5000017815_Zodiac_Swiss_Mens_White_Adventure_Chrono_Watch
				</DealURL>
				<ConvertedCurrentPrice>129.99</ConvertedCurrentPrice>
				<PrimaryCategoryName>Jewelry &amp; Watches:Watches:Wristwatches
				</PrimaryCategoryName>
				<PrimaryCategoryId>31387</PrimaryCategoryId>
				<Location>Richardson, Texas</Location>
				<Quantity>96</Quantity>
				<QuantitySold>4</QuantitySold>
				<MSRP>395.00</MSRP>
				<SavingsRate>67%</SavingsRate>
				<AutoPay>false</AutoPay>
				<Hot>false</Hot>
			</Item>
		</MoreDealsSection>
	</MoreDeals>
</EbayDailyDeals>