<?xml version="1.0" encoding="utf-8"?>
<LinearLayout xmlns:android="http://schemas.android.com/apk/res/android"
    android:orientation="vertical" android:layout_width="fill_parent"
    android:layout_height="fill_parent">
    <!-- NAME CONTAINER -->
    <LinearLayout xmlns:android="http://schemas.android.com/apk/res/android"
        android:orientation="horizontal" android:layout_width="fill_parent"
        android:layout_height="wrap_content">

            <TextView android:id="@+id/nameText" android:layout_width="wrap_content"
        android:layout_height="wrap_content" android:text="@+string/name_text" />

            <TextView android:id="@+id/nameValueText" 
        android:layout_width="wrap_content"
        android:layout_height="wrap_content" />

    </LinearLayout>

    <!-- ADDRESS CONTAINER -->
    <LinearLayout xmlns:android="http://schemas.android.com/apk/res/android"
        android:orientation="vertical" android:layout_width="fill_parent"
        android:layout_height="wrap_content">

            <TextView android:id="@+id/addrText" android:layout_width="fill_parent"
        android:layout_height="wrap_content" android:text="@+string/addr_text" />

            <TextView android:id="@+id/addrValueText" 
        android:layout_width="fill_parent"
        android:layout_height="wrap_content" />
    </LinearLayout>

</LinearLayout>

