<?xml version="1.0" encoding="utf-8"?>
<!--
 ! Excerpted from "Hello, Android! 3e",
 ! published by The Pragmatic Bookshelf.
 ! Copyrights apply to this code. It may not be used to create training material, 
 ! courses, books, articles, and the like. Contact us if you are in doubt.
 ! We make no guarantees that this code is fit for any purpose. 
 ! Visit http://www.pragmaticprogrammer.com/titles/eband3 for more book information.
-->
<manifest xmlns:android="http://schemas.android.com/apk/res/android"
      package="org.example.sudoku"
      android:versionCode="1"
      android:versionName="1.0">
    <application android:icon="@drawable/icon"
          android:label="@string/app_name"
          android:debuggable="true">
        <activity android:name=".Sudoku"
              android:label="@string/app_name">
            <intent-filter>
                <action android:name="android.intent.action.MAIN" />
                <category android:name="android.intent.category.LAUNCHER" />
            </intent-filter>
        </activity>
        <activity android:name=".About"
              android:label="@string/about_title">
        </activity>
        <activity android:name=".Prefs"
              android:label="@string/settings_title">
        </activity>
    </application>
    <uses-sdk android:minSdkVersion="3" android:targetSdkVersion="8" />
</manifest>