<?xml version='1.0' encoding='UTF-8'?>
<feed xmlns='http://www.w3.org/2005/Atom'
	xmlns:openSearch='http://a9.com/-/spec/opensearchrss/1.0/'
	xmlns:gm='http://base.google.com/ns-metadata/1.0'
	xmlns:batch='http://schemas.google.com/gdata/batch'>
	<id>http://www.google.com/base/feeds/itemtypes/en_US</id>
	<updated>2008-02-19T13:06:49.360Z</updated>
	<title type='text'>Item types for locale en_US</title>
	<link rel='alternate' type='text/html'
		href='http://base.google.com' />
	<link rel='http://schemas.google.com/g/2005#feed'
		type='application/atom+xml'
		href='http://www.google.com/base/feeds/itemtypes/en_US' />
	<link rel='http://schemas.google.com/g/2005#batch'
		type='application/atom+xml'
		href='http://www.google.com/base/feeds/itemtypes/en_US/batch' />
	<link rel='self' type='application/atom+xml'
		href='http://www.google.com/base/feeds/itemtypes/en_US?start-index=1&amp;max-results=25' />
	<author>
		<name>Google Inc.</name>
		<email>base@google.com</email>
	</author>
	<generator version='1.0' uri='http://base.google.com'>
		GoogleBase
	</generator>
	<openSearch:totalResults>17</openSearch:totalResults>
	<openSearch:startIndex>1</openSearch:startIndex>
	<openSearch:itemsPerPage>25</openSearch:itemsPerPage>
	<entry>
		<id>http://www.google.com/base/feeds/itemtypes/en_US/jobs</id>
		<updated>2008-02-19T13:06:49.356Z</updated>
		<category scheme='http://base.google.com/categories/itemtypes'
			term='jobs' />
		<title type='text'>jobs</title>
		<content type='text'>jobs</content>
		<link rel='related' type='application/atom+xml'
			href='http://www.google.com/base/feeds/snippets/-/jobs'
			title='Items of type &apos;jobs&apos;' />
		<link rel='self' type='application/atom+xml'
			href='http://www.google.com/base/feeds/itemtypes/en_US/jobs' />
		<gm:item_type>jobs</gm:item_type>
		<gm:attributes>
			<gm:attribute name='job type' type='text' />
			<gm:attribute name='job industry' type='text' />
			<gm:attribute name='job function' type='text' />
			<gm:attribute name='employer' type='text' />
			<gm:attribute name='education' type='text' />
			<gm:attribute name='salary' type='number' />
			<gm:attribute name='immigration status' type='text' />
			<gm:attribute name='salary type' type='text' />
			<gm:attribute name='expiration date' type='dateTime' />
			<gm:attribute name='publish date' type='dateTimeRange' />
			<gm:attribute name='location' type='location' />
		</gm:attributes>
	</entry>
	<entry>
		<id>
			http://www.google.com/base/feeds/itemtypes/en_US/products
		</id>
		<updated>2008-02-19T13:06:49.357Z</updated>
		<category scheme='http://base.google.com/categories/itemtypes'
			term='products' />
		<title type='text'>products</title>
		<content type='text'>products</content>
		<link rel='related' type='application/atom+xml'
			href='http://www.google.com/base/feeds/snippets/-/products'
			title='Items of type &apos;products&apos;' />
		<link rel='self' type='application/atom+xml'
			href='http://www.google.com/base/feeds/itemtypes/en_US/products' />
		<gm:item_type>products</gm:item_type>
		<gm:attributes>
			<gm:attribute name='product type' type='text' />
			<gm:attribute name='condition' type='text' />
			<gm:attribute name='brand' type='text' />
			<gm:attribute name='size' type='text' />
			<gm:attribute name='color' type='text' />
			<gm:attribute name='upc' type='text' />
			<gm:attribute name='model number' type='text' />
			<gm:attribute name='author' type='text' />
			<gm:attribute name='weight' type='numberUnit' />
			<gm:attribute name='isbn' type='text' />
			<gm:attribute name='material' type='text' />
			<gm:attribute name='style' type='text' />
			<gm:attribute name='format' type='text' />
			<gm:attribute name='artist' type='text' />
			<gm:attribute name='genre' type='text' />
			<gm:attribute name='publisher' type='text' />
			<gm:attribute name='year' type='number' />
			<gm:attribute name='binding' type='text' />
			<gm:attribute name='edition' type='text' />
			<gm:attribute name='megapixels' type='numberUnit' />
			<gm:attribute name='operating system' type='text' />
			<gm:attribute name='platform' type='text' />
			<gm:attribute name='height' type='number' />
			<gm:attribute name='capacity' type='number' />
			<gm:attribute name='actor' type='text' />
			<gm:attribute name='rating' type='text' />
			<gm:attribute name='width' type='numberUnit' />
			<gm:attribute name='made in' type='text' />
			<gm:attribute name='pages' type='number' />
			<gm:attribute name='length' type='numberUnit' />
			<gm:attribute name='feature' type='text' />
			<gm:attribute name='optical drive' type='text' />
			<gm:attribute name='resolution' type='text' />
			<gm:attribute name='installation' type='text' />
			<gm:attribute name='aspect ratio' type='text' />
			<gm:attribute name='occasion' type='text' />
			<gm:attribute name='director' type='text' />
			<gm:attribute name='department' type='text' />
			<gm:attribute name='battery life' type='number' />
			<gm:attribute name='functions' type='text' />
			<gm:attribute name='age range' type='text' />
			<gm:attribute name='display type' type='text' />
			<gm:attribute name='heel height' type='numberUnit' />
			<gm:attribute name='processor speed' type='numberUnit' />
			<gm:attribute name='focus type' type='text' />
			<gm:attribute name='wireless interface' type='text' />
			<gm:attribute name='shoe width' type='text' />
			<gm:attribute name='load type' type='text' />
			<gm:attribute name='tech spec link' type='url' />
			<gm:attribute name='recommended usage' type='text' />
			<gm:attribute name='zoom' type='text' />
			<gm:attribute name='color output' type='boolean' />
			<gm:attribute name='memory card slot' type='text' />
			<gm:attribute name='screen size' type='numberUnit' />
			<gm:attribute name='location' type='location' />
			<gm:attribute name='quantity' type='int' />
			<gm:attribute name='expiration date' type='dateTime' />
			<gm:attribute name='price' type='floatUnit' />
			<gm:attribute name='pickup' type='boolean' />
			<gm:attribute name='tax percent' type='float' />
			<gm:attribute name='delivery radius' type='floatUnit' />
			<gm:attribute name='tax region' type='text' />
			<gm:attribute name='delivery' type='boolean' />
			<gm:attribute name='payment' type='text' />
			<gm:attribute name='payment notes' type='text' />
			<gm:attribute name='price units' type='text' />
			<gm:attribute name='delivery notes' type='text' />
			<gm:attribute name='price type' type='text' />
			<gm:attribute name='mpn' type='text' />
		</gm:attributes>
	</entry>
	<entry>
		<id>
			http://www.google.com/base/feeds/itemtypes/en_US/housing
		</id>
		<updated>2008-02-19T13:06:49.358Z</updated>
		<category scheme='http://base.google.com/categories/itemtypes'
			term='housing' />
		<title type='text'>housing</title>
		<content type='text'>housing</content>
		<link rel='related' type='application/atom+xml'
			href='http://www.google.com/base/feeds/snippets/-/housing'
			title='Items of type &apos;housing&apos;' />
		<link rel='self' type='application/atom+xml'
			href='http://www.google.com/base/feeds/itemtypes/en_US/housing' />
		<gm:item_type>housing</gm:item_type>
		<gm:attributes>
			<gm:attribute name='listing type' type='text' />
			<gm:attribute name='property type' type='text' />
			<gm:attribute name='bedrooms' type='number' />
			<gm:attribute name='bathrooms' type='number' />
			<gm:attribute name='agent' type='text' />
			<gm:attribute name='year' type='number' />
			<gm:attribute name='school district' type='text' />
			<gm:attribute name='hoa dues' type='number' />
			<gm:attribute name='area' type='numberUnit' />
			<gm:attribute name='broker' type='text' />
			<gm:attribute name='style' type='text' />
			<gm:attribute name='lot size' type='numberUnit' />
			<gm:attribute name='zoning' type='text' />
			<gm:attribute name='feature' type='text' />
			<gm:attribute name='property taxes' type='number' />
			<gm:attribute name='listing status' type='text' />
			<gm:attribute name='mls listing id' type='text' />
			<gm:attribute name='school' type='text' />
			<gm:attribute name='model' type='text' />
			<gm:attribute name='mls name' type='text' />
			<gm:attribute name='location' type='location' />
			<gm:attribute name='provider class' type='text' />
			<gm:attribute name='price units' type='text' />
			<gm:attribute name='expiration date' type='dateTime' />
			<gm:attribute name='price' type='floatUnit' />
			<gm:attribute name='price type' type='text' />
			<gm:attribute name='open house date range'
				type='dateTimeRange' />
		</gm:attributes>
	</entry>
	<entry>
		<id>
			http://www.google.com/base/feeds/itemtypes/en_US/services
		</id>
		<updated>2008-02-19T13:06:49.358Z</updated>
		<category scheme='http://base.google.com/categories/itemtypes'
			term='services' />
		<title type='text'>services</title>
		<content type='text'>services</content>
		<link rel='related' type='application/atom+xml'
			href='http://www.google.com/base/feeds/snippets/-/services'
			title='Items of type &apos;services&apos;' />
		<link rel='self' type='application/atom+xml'
			href='http://www.google.com/base/feeds/itemtypes/en_US/services' />
		<gm:item_type>services</gm:item_type>
		<gm:attributes>
			<gm:attribute name='service type' type='text' />
			<gm:attribute name='price units' type='text' />
			<gm:attribute name='expiration date' type='dateTime' />
			<gm:attribute name='price' type='floatUnit' />
			<gm:attribute name='price type' type='text' />
			<gm:attribute name='location' type='location' />
		</gm:attributes>
	</entry>
	<entry>
		<id>
			http://www.google.com/base/feeds/itemtypes/en_US/news+and+articles
		</id>
		<updated>2008-02-19T13:06:49.358Z</updated>
		<category scheme='http://base.google.com/categories/itemtypes'
			term='news and articles' />
		<title type='text'>news and articles</title>
		<content type='text'>news and articles</content>
		<link rel='related' type='application/atom+xml'
			href='http://www.google.com/base/feeds/snippets/-/news+and+articles'
			title='Items of type &apos;news and articles&apos;' />
		<link rel='self' type='application/atom+xml'
			href='http://www.google.com/base/feeds/itemtypes/en_US/news+and+articles' />
		<gm:item_type>news and articles</gm:item_type>
		<gm:attributes>
			<gm:attribute name='author' type='text' />
			<gm:attribute name='news source' type='text' />
			<gm:attribute name='publish date' type='dateTimeRange' />
			<gm:attribute name='pages' type='number' />
		</gm:attributes>
	</entry>
	<entry>
		<id>
			http://www.google.com/base/feeds/itemtypes/en_US/vehicles
		</id>
		<updated>2008-02-19T13:06:49.358Z</updated>
		<category scheme='http://base.google.com/categories/itemtypes'
			term='vehicles' />
		<title type='text'>vehicles</title>
		<content type='text'>vehicles</content>
		<link rel='related' type='application/atom+xml'
			href='http://www.google.com/base/feeds/snippets/-/vehicles'
			title='Items of type &apos;vehicles&apos;' />
		<link rel='self' type='application/atom+xml'
			href='http://www.google.com/base/feeds/itemtypes/en_US/vehicles' />
		<gm:item_type>vehicles</gm:item_type>
		<gm:attributes>
			<gm:attribute name='year' type='number' />
			<gm:attribute name='make' type='text' />
			<gm:attribute name='vehicle type' type='text' />
			<gm:attribute name='condition' type='text' />
			<gm:attribute name='model' type='text' />
			<gm:attribute name='mileage' type='number' />
			<gm:attribute name='color' type='text' />
			<gm:attribute name='vin' type='text' />
			<gm:attribute name='tax percent' type='float' />
			<gm:attribute name='quantity' type='int' />
			<gm:attribute name='payment notes' type='text' />
			<gm:attribute name='price units' type='text' />
			<gm:attribute name='payment' type='text' />
			<gm:attribute name='expiration date' type='dateTime' />
			<gm:attribute name='price' type='floatUnit' />
			<gm:attribute name='price type' type='text' />
			<gm:attribute name='location' type='location' />
			<gm:attribute name='tax region' type='text' />
		</gm:attributes>
	</entry>
	<entry>
		<id>
			http://www.google.com/base/feeds/itemtypes/en_US/personals
		</id>
		<updated>2008-02-19T13:06:49.358Z</updated>
		<category scheme='http://base.google.com/categories/itemtypes'
			term='personals' />
		<title type='text'>personals</title>
		<content type='text'>personals</content>
		<link rel='related' type='application/atom+xml'
			href='http://www.google.com/base/feeds/snippets/-/personals'
			title='Items of type &apos;personals&apos;' />
		<link rel='self' type='application/atom+xml'
			href='http://www.google.com/base/feeds/itemtypes/en_US/personals' />
		<gm:item_type>personals</gm:item_type>
		<gm:attributes>
			<gm:attribute name='gender' type='text' />
			<gm:attribute name='marital status' type='text' />
			<gm:attribute name='age' type='number' />
			<gm:attribute name='education' type='text' />
			<gm:attribute name='sexual orientation' type='text' />
			<gm:attribute name='interested in' type='text' />
			<gm:attribute name='employer' type='text' />
			<gm:attribute name='occupation' type='text' />
			<gm:attribute name='ethnicity' type='text' />
			<gm:attribute name='expiration date' type='dateTime' />
		</gm:attributes>
	</entry>
	<entry>
		<id>
			http://www.google.com/base/feeds/itemtypes/en_US/reference+articles
		</id>
		<updated>2008-02-19T13:06:49.358Z</updated>
		<category scheme='http://base.google.com/categories/itemtypes'
			term='reference articles' />
		<title type='text'>reference articles</title>
		<content type='text'>reference articles</content>
		<link rel='related' type='application/atom+xml'
			href='http://www.google.com/base/feeds/snippets/-/reference+articles'
			title='Items of type &apos;reference articles&apos;' />
		<link rel='self' type='application/atom+xml'
			href='http://www.google.com/base/feeds/itemtypes/en_US/reference+articles' />
		<gm:item_type>reference articles</gm:item_type>
		<gm:attributes>
			<gm:attribute name='author' type='text' />
			<gm:attribute name='publication name' type='text' />
			<gm:attribute name='publish date' type='dateTimeRange' />
			<gm:attribute name='pages' type='number' />
			<gm:attribute name='publication volume' type='text' />
		</gm:attributes>
	</entry>
	<entry>
		<id>
			http://www.google.com/base/feeds/itemtypes/en_US/events+and+activities
		</id>
		<updated>2008-02-19T13:06:49.359Z</updated>
		<category scheme='http://base.google.com/categories/itemtypes'
			term='events and activities' />
		<title type='text'>events and activities</title>
		<content type='text'>events and activities</content>
		<link rel='related' type='application/atom+xml'
			href='http://www.google.com/base/feeds/snippets/-/events+and+activities'
			title='Items of type &apos;events and activities&apos;' />
		<link rel='self' type='application/atom+xml'
			href='http://www.google.com/base/feeds/itemtypes/en_US/events+and+activities' />
		<gm:item_type>events and activities</gm:item_type>
		<gm:attributes>
			<gm:attribute name='event date range' type='dateTimeRange' />
			<gm:attribute name='event type' type='text' />
			<gm:attribute name='performer' type='text' />
			<gm:attribute name='venue description' type='text' />
			<gm:attribute name='venue website' type='url' />
			<gm:attribute name='venue name' type='text' />
			<gm:attribute name='venue type' type='text' />
			<gm:attribute name='price units' type='text' />
			<gm:attribute name='expiration date' type='dateTime' />
			<gm:attribute name='price' type='floatUnit' />
			<gm:attribute name='price type' type='text' />
			<gm:attribute name='location' type='location' />
		</gm:attributes>
	</entry>
	<entry>
		<id>
			http://www.google.com/base/feeds/itemtypes/en_US/reviews
		</id>
		<updated>2008-02-19T13:06:49.359Z</updated>
		<category scheme='http://base.google.com/categories/itemtypes'
			term='reviews' />
		<title type='text'>reviews</title>
		<content type='text'>reviews</content>
		<link rel='related' type='application/atom+xml'
			href='http://www.google.com/base/feeds/snippets/-/reviews'
			title='Items of type &apos;reviews&apos;' />
		<link rel='self' type='application/atom+xml'
			href='http://www.google.com/base/feeds/itemtypes/en_US/reviews' />
		<gm:item_type>reviews</gm:item_type>
		<gm:attributes>
			<gm:attribute name='review type' type='text' />
			<gm:attribute name='name of item reviewed' type='text' />
			<gm:attribute name='rating' type='text' />
			<gm:attribute name='url of item reviewed' type='url' />
			<gm:attribute name='author' type='text' />
			<gm:attribute name='reviewer type' type='text' />
			<gm:attribute name='publish date' type='dateTimeRange' />
			<gm:attribute name='location' type='location' />
		</gm:attributes>
	</entry>
	<entry>
		<id>
			http://www.google.com/base/feeds/itemtypes/en_US/wanted+ads
		</id>
		<updated>2008-02-19T13:06:49.359Z</updated>
		<category scheme='http://base.google.com/categories/itemtypes'
			term='wanted ads' />
		<title type='text'>wanted ads</title>
		<content type='text'>wanted ads</content>
		<link rel='related' type='application/atom+xml'
			href='http://www.google.com/base/feeds/snippets/-/wanted+ads'
			title='Items of type &apos;wanted ads&apos;' />
		<link rel='self' type='application/atom+xml'
			href='http://www.google.com/base/feeds/itemtypes/en_US/wanted+ads' />
		<gm:item_type>wanted ads</gm:item_type>
		<gm:attributes>
			<gm:attribute name='expiration date' type='dateTime' />
			<gm:attribute name='location' type='location' />
		</gm:attributes>
	</entry>
	<entry>
		<id>
			http://www.google.com/base/feeds/itemtypes/en_US/recipes
		</id>
		<updated>2008-02-19T13:06:49.359Z</updated>
		<category scheme='http://base.google.com/categories/itemtypes'
			term='recipes' />
		<title type='text'>recipes</title>
		<content type='text'>recipes</content>
		<link rel='related' type='application/atom+xml'
			href='http://www.google.com/base/feeds/snippets/-/recipes'
			title='Items of type &apos;recipes&apos;' />
		<link rel='self' type='application/atom+xml'
			href='http://www.google.com/base/feeds/itemtypes/en_US/recipes' />
		<gm:item_type>recipes</gm:item_type>
		<gm:attributes>
			<gm:attribute name='main ingredient' type='text' />
			<gm:attribute name='cuisine' type='text' />
			<gm:attribute name='cooking time' type='number' />
			<gm:attribute name='course' type='text' />
			<gm:attribute name='servings' type='number' />
			<gm:attribute name='preparation time' type='number' />
			<gm:attribute name='meal type' type='text' />
			<gm:attribute name='calories' type='number' />
			<gm:attribute name='protein' type='number' />
			<gm:attribute name='sodium' type='number' />
			<gm:attribute name='cholesterol' type='number' />
			<gm:attribute name='total carbs' type='number' />
			<gm:attribute name='total fat' type='number' />
			<gm:attribute name='fiber' type='number' />
			<gm:attribute name='saturated fat' type='number' />
		</gm:attributes>
	</entry>
	<entry>
		<id>
			http://www.google.com/base/feeds/itemtypes/en_US/vacation+rentals
		</id>
		<updated>2008-02-19T13:06:49.359Z</updated>
		<category scheme='http://base.google.com/categories/itemtypes'
			term='vacation rentals' />
		<title type='text'>vacation rentals</title>
		<content type='text'>vacation rentals</content>
		<link rel='related' type='application/atom+xml'
			href='http://www.google.com/base/feeds/snippets/-/vacation+rentals'
			title='Items of type &apos;vacation rentals&apos;' />
		<link rel='self' type='application/atom+xml'
			href='http://www.google.com/base/feeds/itemtypes/en_US/vacation+rentals' />
		<gm:item_type>vacation rentals</gm:item_type>
		<gm:attributes>
			<gm:attribute name='price units' type='text' />
			<gm:attribute name='expiration date' type='dateTime' />
			<gm:attribute name='location' type='location' />
			<gm:attribute name='price' type='floatUnit' />
			<gm:attribute name='price type' type='text' />
			<gm:attribute name='property type' type='text' />
			<gm:attribute name='provider name' type='text' />
			<gm:attribute name='travel date range' type='dateTimeRange' />
			<gm:attribute name='provider telephone number' type='text' />
			<gm:attribute name='sleeps' type='number' />
			<gm:attribute name='bedrooms' type='number' />
			<gm:attribute name='bathrooms' type='number' />
		</gm:attributes>
	</entry>
	<entry>
		<id>
			http://www.google.com/base/feeds/itemtypes/en_US/travel+packages
		</id>
		<updated>2008-02-19T13:06:49.359Z</updated>
		<category scheme='http://base.google.com/categories/itemtypes'
			term='travel packages' />
		<title type='text'>travel packages</title>
		<content type='text'>travel packages</content>
		<link rel='related' type='application/atom+xml'
			href='http://www.google.com/base/feeds/snippets/-/travel+packages'
			title='Items of type &apos;travel packages&apos;' />
		<link rel='self' type='application/atom+xml'
			href='http://www.google.com/base/feeds/itemtypes/en_US/travel+packages' />
		<gm:item_type>travel packages</gm:item_type>
		<gm:attributes>
			<gm:attribute name='to location' type='location' />
			<gm:attribute name='travel date range' type='dateTimeRange' />
			<gm:attribute name='from location' type='location' />
			<gm:attribute name='quantity' type='int' />
			<gm:attribute name='price units' type='text' />
			<gm:attribute name='expiration date' type='dateTime' />
			<gm:attribute name='price' type='floatUnit' />
			<gm:attribute name='location' type='location' />
			<gm:attribute name='price type' type='text' />
		</gm:attributes>
	</entry>
	<entry>
		<id>
			http://www.google.com/base/feeds/itemtypes/en_US/course+schedules
		</id>
		<updated>2008-02-19T13:06:49.360Z</updated>
		<category scheme='http://base.google.com/categories/itemtypes'
			term='course schedules' />
		<title type='text'>course schedules</title>
		<content type='text'>course schedules</content>
		<link rel='related' type='application/atom+xml'
			href='http://www.google.com/base/feeds/snippets/-/course+schedules'
			title='Items of type &apos;course schedules&apos;' />
		<link rel='self' type='application/atom+xml'
			href='http://www.google.com/base/feeds/itemtypes/en_US/course+schedules' />
		<gm:item_type>course schedules</gm:item_type>
		<gm:attributes>
			<gm:attribute name='subject' type='text' />
			<gm:attribute name='university' type='text' />
			<gm:attribute name='course date range' type='dateTimeRange' />
			<gm:attribute name='course number' type='text' />
			<gm:attribute name='course times' type='text' />
			<gm:attribute name='expiration date' type='dateTime' />
			<gm:attribute name='location' type='location' />
		</gm:attributes>
	</entry>
	<entry>
		<id>http://www.google.com/base/feeds/itemtypes/en_US/mobile</id>
		<updated>2008-02-19T13:06:49.360Z</updated>
		<category scheme='http://base.google.com/categories/itemtypes'
			term='mobile' />
		<title type='text'>mobile</title>
		<content type='text'>mobile</content>
		<link rel='related' type='application/atom+xml'
			href='http://www.google.com/base/feeds/snippets/-/mobile'
			title='Items of type &apos;mobile&apos;' />
		<link rel='self' type='application/atom+xml'
			href='http://www.google.com/base/feeds/itemtypes/en_US/mobile' />
		<gm:item_type>mobile</gm:item_type>
		<gm:attributes>
			<gm:attribute name='price units' type='text' />
			<gm:attribute name='price' type='floatUnit' />
			<gm:attribute name='price type' type='text' />
		</gm:attributes>
	</entry>
	<entry>
		<id>
			http://www.google.com/base/feeds/itemtypes/en_US/local+products
		</id>
		<updated>2008-02-19T13:06:49.360Z</updated>
		<category scheme='http://base.google.com/categories/itemtypes'
			term='local products' />
		<title type='text'>local products</title>
		<content type='text'>local products</content>
		<link rel='related' type='application/atom+xml'
			href='http://www.google.com/base/feeds/snippets/-/local+products'
			title='Items of type &apos;local products&apos;' />
		<link rel='self' type='application/atom+xml'
			href='http://www.google.com/base/feeds/itemtypes/en_US/local+products' />
		<gm:item_type>local products</gm:item_type>
		<gm:attributes>
			<gm:attribute name='delivery' type='boolean' />
			<gm:attribute name='tax percent' type='float' />
			<gm:attribute name='quantity' type='int' />
			<gm:attribute name='payment notes' type='text' />
			<gm:attribute name='price units' type='text' />
			<gm:attribute name='delivery radius' type='floatUnit' />
			<gm:attribute name='payment' type='text' />
			<gm:attribute name='expiration date' type='dateTime' />
			<gm:attribute name='tax region' type='text' />
			<gm:attribute name='price' type='floatUnit' />
			<gm:attribute name='price type' type='text' />
			<gm:attribute name='delivery notes' type='text' />
			<gm:attribute name='location' type='location' />
			<gm:attribute name='pickup' type='boolean' />
		</gm:attributes>
	</entry>
</feed>