<?xml version='1.0' encoding='UTF-8'?>
<feed xmlns='http://www.w3.org/2005/Atom'
	xmlns:openSearch='http://a9.com/-/spec/opensearchrss/1.0/'
	xmlns:gm='http://base.google.com/ns-metadata/1.0'
	xmlns:g='http://base.google.com/ns/1.0'
	xmlns:batch='http://schemas.google.com/gdata/batch'>
	<id>http://www.google.com/base/feeds/snippets</id>
	<updated>2008-03-24T19:13:58.304Z</updated>
	<title type='text'>
		Items matching query: ([review
		type:restaurant][location:Atlanta, GA]) [item type:reviews]
	</title>
	<link rel='alternate' type='text/html'
		href='http://base.google.com' />
	<link rel='http://schemas.google.com/g/2005#feed'
		type='application/atom+xml'
		href='http://www.google.com/base/feeds/snippets' />
	<link rel='http://schemas.google.com/g/2005#batch'
		type='application/atom+xml'
		href='http://www.google.com/base/feeds/snippets/batch' />
	<link rel='self' type='application/atom+xml'
		href='http://www.google.com/base/feeds/snippets/-/reviews?start-index=1&amp;max-results=5&amp;bq=%5Breview+type%3Arestaurant%5D%5Blocation%3AAtlanta%2C+GA%5D' />
	<link rel='next' type='application/atom+xml'
		href='http://www.google.com/base/feeds/snippets/-/reviews?start-index=6&amp;max-results=5&amp;bq=%5Breview+type%3Arestaurant%5D%5Blocation%3AAtlanta%2C+GA%5D' />
	<author>
		<name>Google Inc.</name>
		<email>base@google.com</email>
	</author>
	<generator version='1.0' uri='http://base.google.com'>
		GoogleBase
	</generator>
	<openSearch:totalResults>533</openSearch:totalResults>
	<openSearch:startIndex>1</openSearch:startIndex>
	<openSearch:itemsPerPage>5</openSearch:itemsPerPage>
	<entry>
		<id>
			http://www.google.com/base/feeds/snippets/18440427472920790446
		</id>
		<published>2006-06-16T11:00:00.000Z</published>
		<updated>2006-06-16T11:00:00.000Z</updated>
		<category scheme='http://base.google.com/categories/itemtypes'
			term='Reviews' />
		<title type='text'>Review: The Flying Biscuit Cafe</title>
		<content type='html'>
			The grits here are of fluffy perfection! I bought the
			cookbook hoping to replicate them at home, but they don't
			include the secret recipe! Drat! Sadly, the biscuits really
			aren't that great, but most other dishes here make up for
			it.
		</content>
		<link rel='alternate' type='text/html'
			href='http://www.yelp.com/biz/XjsOAdMZB1k4ht9QZtIbPA?utm_campaign=local&amp;utm_medium=organic&amp;hrid=4Hwq-n9HKWRr9egDN0I9_Q&amp;utm_source=google' />
		<link rel='self' type='application/atom+xml'
			href='http://www.google.com/base/feeds/snippets/18440427472920790446' />
		<author>
			<name>Yelp</name>
		</author>
		<g:image_title type='text'>best! grits! ever!</g:image_title>
		<g:location type='location'>
			1655 McLendon Avenue NE Atlanta GA 30307,US
		</g:location>
		<g:review_type type='text'>Restaurants</g:review_type>
		<g:name_of_item_reviewed type='text'>
			The Flying Biscuit Cafe
		</g:name_of_item_reviewed>
		<g:categories_of_item_reviewed type='text'>
			Restaurants
		</g:categories_of_item_reviewed>
		<g:label type='text'>Reviews</g:label>
		<g:image_link type='url'>
			http://www.yelp.com/bphoto/RMbO_BeXEw4q7R-LI5QU5g/l?utm_campaign=local&amp;utm_medium=organic&amp;utm_source=google
		</g:image_link>
		<g:image_link type='url'>
			http://www.yelp.com/bphoto/sLQD_pNrzgHMUqM0P1reIQ/l?utm_campaign=local&amp;utm_medium=organic&amp;utm_source=google
		</g:image_link>
		<g:item_language type='text'>EN</g:item_language>
		<g:id type='text'>160734</g:id>
		<g:phone_of_item_reviewed type='text'>
			(404) 687-8888
		</g:phone_of_item_reviewed>
		<g:review_date type='dateTime'>
			2006-03-31T00:00:00
		</g:review_date>
		<g:url_of_item_reviewed type='url'>
			http://www.flyingbiscuit.com/
		</g:url_of_item_reviewed>
		<g:latitude_of_item_reviewed type='text'>
			33.7647
		</g:latitude_of_item_reviewed>
		<g:target_country type='text'>US</g:target_country>
		<g:review_author type='text'>Heather S.</g:review_author>
		<g:expiration_date type='dateTime'>
			2038-01-19T03:14:07Z
		</g:expiration_date>
		<g:rating type='intUnit'>4 -good</g:rating>
		<g:customer_id type='int'>1109183</g:customer_id>
		<g:reviewer_type type='text'>user</g:reviewer_type>
		<g:item_type type='text'>Reviews</g:item_type>
		<g:country_of_item_reviewed type='text'>
			US
		</g:country_of_item_reviewed>
	</entry>
	<entry>
		<id>
			http://www.google.com/base/feeds/snippets/18424003831109807659
		</id>
		<published>2006-06-16T11:00:00.000Z</published>
		<updated>2006-06-16T11:00:00.000Z</updated>
		<category scheme='http://base.google.com/categories/itemtypes'
			term='Reviews' />
		<title type='text'>Review: Old Hickory House</title>
		<content type='html'>
			This restaurant is not what you'd expect to find in the true
			heart of Dunwoody near the intersections of Chamblee
			Dunwoody and Mt. Vernon Roads. It seems as though it's a
			relic from the past but a pleasant surprise nonetheless.
			It's very casual ...
		</content>
		<link rel='alternate' type='text/html'
			href='http://www.yelp.com/biz/1rZqC7jaw7s7X1z9q7Zz3w?utm_campaign=local&amp;utm_medium=organic&amp;hrid=WyXty9es4G6dA6FP6bFsxA&amp;utm_source=google' />
		<link rel='self' type='application/atom+xml'
			href='http://www.google.com/base/feeds/snippets/18424003831109807659' />
		<author>
			<name>Yelp</name>
		</author>
		<g:location type='location'>
			5490 Chamblee Dunwoody Rd Atlanta GA 30338,US
		</g:location>
		<g:review_type type='text'>Restaurants</g:review_type>
		<g:name_of_item_reviewed type='text'>
			Old Hickory House
		</g:name_of_item_reviewed>
		<g:categories_of_item_reviewed type='text'>
			Restaurants
		</g:categories_of_item_reviewed>
		<g:label type='text'>Reviews</g:label>
		<g:item_language type='text'>EN</g:item_language>
		<g:phone_of_item_reviewed type='text'>
			(770) 671-8185
		</g:phone_of_item_reviewed>
		<g:id type='text'>223467</g:id>
		<g:review_date type='dateTime'>
			2006-02-26T00:00:00
		</g:review_date>
		<g:url_of_item_reviewed type='url'>
			http://www.yelp.com/biz/1rZqC7jaw7s7X1z9q7Zz3w?utm_campaign=local&amp;utm_medium=organic&amp;utm_source=google
		</g:url_of_item_reviewed>
		<g:latitude_of_item_reviewed type='text'>
			33.9483
		</g:latitude_of_item_reviewed>
		<g:target_country type='text'>US</g:target_country>
		<g:review_author type='text'>Gil ..</g:review_author>
		<g:expiration_date type='dateTime'>
			2038-01-19T03:14:07Z
		</g:expiration_date>
		<g:rating type='intUnit'>4 -good</g:rating>
		<g:customer_id type='int'>1109183</g:customer_id>
		<g:reviewer_type type='text'>user</g:reviewer_type>
		<g:item_type type='text'>Reviews</g:item_type>
		<g:country_of_item_reviewed type='text'>
			US
		</g:country_of_item_reviewed>
	</entry>
	<entry>
		<id>
			http://www.google.com/base/feeds/snippets/18346365356365406686
		</id>
		<published>2006-06-16T11:00:00.000Z</published>
		<updated>2006-06-16T11:00:00.000Z</updated>
		<category scheme='http://base.google.com/categories/itemtypes'
			term='Reviews' />
		<title type='text'>Review: Cafe'intermezzo</title>
		<content type='html'>
			I use to work here. Those fancy cakes they sell to you for
			$7 a slice, yeah those stay in a big freezer out back for
			over 4 months sometimes. Take your money and go buy yourself
			a nice fresh cake.The kitchen is gross and there are lots of
			bugs since ...
		</content>
		<link rel='alternate' type='text/html'
			href='http://www.yelp.com/biz/VcOaa0X-KWZ9yTTGT7680g?utm_campaign=local&amp;utm_medium=organic&amp;hrid=qBtijZIVkPwdeAUfBdKCVg&amp;utm_source=google' />
		<link rel='self' type='application/atom+xml'
			href='http://www.google.com/base/feeds/snippets/18346365356365406686' />
		<author>
			<name>Yelp</name>
		</author>
		<g:review_type type='text'>Restaurants</g:review_type>
		<g:location type='location'>
			1845 Peachtree Rd NE Atlanta GA 30309,US
		</g:location>
		<g:name_of_item_reviewed type='text'>
			Cafe'intermezzo
		</g:name_of_item_reviewed>
		<g:categories_of_item_reviewed type='text'>
			Restaurants
		</g:categories_of_item_reviewed>
		<g:label type='text'>Reviews</g:label>
		<g:item_language type='text'>EN</g:item_language>
		<g:id type='text'>138245</g:id>
		<g:phone_of_item_reviewed type='text'>
			(404) 355-0411
		</g:phone_of_item_reviewed>
		<g:review_date type='dateTime'>
			2006-04-02T00:00:00
		</g:review_date>
		<g:latitude_of_item_reviewed type='text'>
			33.8055
		</g:latitude_of_item_reviewed>
		<g:url_of_item_reviewed type='url'>
			http://www.yelp.com/biz/VcOaa0X-KWZ9yTTGT7680g?utm_campaign=local&amp;utm_medium=organic&amp;utm_source=google
		</g:url_of_item_reviewed>
		<g:target_country type='text'>US</g:target_country>
		<g:review_author type='text'>Lisa G.</g:review_author>
		<g:expiration_date type='dateTime'>
			2038-01-19T03:14:07Z
		</g:expiration_date>
		<g:rating type='intUnit'>2 -below average</g:rating>
		<g:customer_id type='int'>1109183</g:customer_id>
		<g:reviewer_type type='text'>user</g:reviewer_type>
		<g:country_of_item_reviewed type='text'>
			US
		</g:country_of_item_reviewed>
		<g:item_type type='text'>Reviews</g:item_type>
	</entry>
	<entry>
		<id>
			http://www.google.com/base/feeds/snippets/18182151558223676380
		</id>
		<published>2006-09-01T11:00:00.000Z</published>
		<updated>2006-09-01T11:00:00.000Z</updated>
		<category scheme='http://base.google.com/categories/itemtypes'
			term='Reviews' />
		<title type='text'>Review: Loca Luna</title>
		<content type='html'>
			Great place to go for some latin music and to hang out with
			friends. Lots of great tapas to choose from --- my favorite
			(of course) being the friend plantanos! MMMmmmmMMMMmm
			drizzled with condensed milk - its uber bad, but oh so
			good.Great place to ...
		</content>
		<link rel='alternate' type='text/html'
			href='http://www.yelp.com/biz/6Y0lQh4O-9JCutgyuMNq0g?utm_campaign=local&amp;utm_medium=organic&amp;hrid=QuZbJquRtbY9O9JrB9NpxQ&amp;utm_source=google' />
		<link rel='self' type='application/atom+xml'
			href='http://www.google.com/base/feeds/snippets/18182151558223676380' />
		<author>
			<name>Yelp</name>
		</author>
		<g:review_type type='text'>Restaurants</g:review_type>
		<g:location type='location'>
			836 Juniper St NE Atlanta GA 30308,US
		</g:location>
		<g:name_of_item_reviewed type='text'>
			Loca Luna
		</g:name_of_item_reviewed>
		<g:categories_of_item_reviewed type='text'>
			Restaurants
		</g:categories_of_item_reviewed>
		<g:label type='text'>Reviews</g:label>
		<g:image_link type='url'>
			http://www.yelp.com/bphoto/dQtUpB3pLJOzzo7yI1GyPA/l?utm_campaign=local&amp;utm_medium=organic&amp;utm_source=google
		</g:image_link>
		<g:item_language type='text'>EN</g:item_language>
		<g:id type='text'>284528</g:id>
		<g:phone_of_item_reviewed type='text'>
			(404) 875-4494
		</g:phone_of_item_reviewed>
		<g:review_date type='dateTime'>
			2006-06-21T00:00:00
		</g:review_date>
		<g:url_of_item_reviewed type='url'>
			http://www.yelp.com/biz/6Y0lQh4O-9JCutgyuMNq0g?utm_campaign=local&amp;utm_medium=organic&amp;utm_source=google
		</g:url_of_item_reviewed>
		<g:latitude_of_item_reviewed type='text'>
			33.7772
		</g:latitude_of_item_reviewed>
		<g:target_country type='text'>US</g:target_country>
		<g:review_author type='text'>Stephanie N.</g:review_author>
		<g:expiration_date type='dateTime'>
			2038-01-19T03:14:07Z
		</g:expiration_date>
		<g:rating type='intUnit'>5 -excellent</g:rating>
		<g:customer_id type='int'>1293274</g:customer_id>
		<g:reviewer_type type='text'>user</g:reviewer_type>
		<g:country_of_item_reviewed type='text'>
			US
		</g:country_of_item_reviewed>
		<g:item_type type='text'>Reviews</g:item_type>
	</entry>
	<entry>
		<id>
			http://www.google.com/base/feeds/snippets/18159805509365973959
		</id>
		<published>2006-09-01T11:00:00.000Z</published>
		<updated>2006-09-01T11:00:00.000Z</updated>
		<category scheme='http://base.google.com/categories/itemtypes'
			term='Reviews' />
		<title type='text'>Review: The Majestic Diner</title>
		<content type='html'>
			I'm absolutely shocked that The Majestic didn't rate higher
			with the locals, so I'm going to give it 5 stars. I used to
			live 2 blocks away from this place so I would go in the late
			mornings or early afternoons after all the drunk revelers
			had ...
		</content>
		<link rel='alternate' type='text/html'
			href='http://www.yelp.com/biz/UU2rGqY9_o5qbhoRmx7S8A?utm_campaign=local&amp;utm_medium=organic&amp;hrid=F1SwlgP8szhusCv4Rbrgkg&amp;utm_source=google' />
		<link rel='self' type='application/atom+xml'
			href='http://www.google.com/base/feeds/snippets/18159805509365973959' />
		<author>
			<name>Yelp</name>
		</author>
		<g:location type='location'>
			1031 Ponce De Leon Avenue NE Atlanta GA 30306,US
		</g:location>
		<g:review_type type='text'>Restaurants</g:review_type>
		<g:name_of_item_reviewed type='text'>
			The Majestic Diner
		</g:name_of_item_reviewed>
		<g:categories_of_item_reviewed type='text'>
			Restaurants
		</g:categories_of_item_reviewed>
		<g:label type='text'>Reviews</g:label>
		<g:image_link type='url'>
			http://www.yelp.com/bphoto/nASykZHgNaSQVygKLJTYJQ/l?utm_campaign=local&amp;utm_medium=organic&amp;utm_source=google
		</g:image_link>
		<g:item_language type='text'>EN</g:item_language>
		<g:id type='text'>262182</g:id>
		<g:phone_of_item_reviewed type='text'>
			(404) 875-0276
		</g:phone_of_item_reviewed>
		<g:review_date type='dateTime'>
			2006-06-22T00:00:00
		</g:review_date>
		<g:latitude_of_item_reviewed type='text'>
			33.7737
		</g:latitude_of_item_reviewed>
		<g:url_of_item_reviewed type='url'>
			http://www.yelp.com/biz/UU2rGqY9_o5qbhoRmx7S8A?utm_campaign=local&amp;utm_medium=organic&amp;utm_source=google
		</g:url_of_item_reviewed>
		<g:target_country type='text'>US</g:target_country>
		<g:review_author type='text'>Flip C.</g:review_author>
		<g:expiration_date type='dateTime'>
			2038-01-19T03:14:07Z
		</g:expiration_date>
		<g:rating type='intUnit'>5 -excellent</g:rating>
		<g:customer_id type='int'>1293274</g:customer_id>
		<g:reviewer_type type='text'>user</g:reviewer_type>
		<g:country_of_item_reviewed type='text'>
			US
		</g:country_of_item_reviewed>
		<g:item_type type='text'>Reviews</g:item_type>
	</entry>
</feed>