<?xml version='1.0' encoding='UTF-8'?>
<entry xmlns='http://www.w3.org/2005/Atom'
	xmlns:gm='http://base.google.com/ns-metadata/1.0'
	xmlns:batch='http://schemas.google.com/gdata/batch'>
	<id>http://www.google.com/base/feeds/itemtypes/en_US/reviews</id>
	<updated>2008-02-19T13:10:14.765Z</updated>
	<category scheme='http://base.google.com/categories/itemtypes'
		term='reviews' />
	<title type='text'>reviews</title>
	<content type='text'>reviews</content>
	<link rel='related' type='application/atom+xml'
		href='http://www.google.com/base/feeds/snippets/-/reviews'
		title='Items of type &apos;reviews&apos;' />
	<link rel='self' type='application/atom+xml'
		href='http://www.google.com/base/feeds/itemtypes/en_US/reviews' />
	<gm:item_type>reviews</gm:item_type>
	<gm:attributes>
		<gm:attribute name='review type' type='text' />
		<gm:attribute name='name of item reviewed' type='text' />
		<gm:attribute name='rating' type='text' />
		<gm:attribute name='url of item reviewed' type='url' />
		<gm:attribute name='author' type='text' />
		<gm:attribute name='reviewer type' type='text' />
		<gm:attribute name='publish date' type='dateTimeRange' />
		<gm:attribute name='location' type='location' />
	</gm:attributes>
</entry>