<?xml version='1.0' encoding='UTF-8'?>
<feed xmlns='http://www.w3.org/2005/Atom' xmlns:openSearch='http://a9.com/-/spec/opensearchrss/1.0/'
	xmlns:gm='http://base.google.com/ns-metadata/1.0' xmlns:g='http://base.google.com/ns/1.0'
	xmlns:batch='http://schemas.google.com/gdata/batch'>
	<id>http://www.google.com/base/feeds/snippets
	</id>
	<updated>2008-10-05T01:04:25.432Z</updated>
	<title type='text'>Items matching query: ([review
		type:restaurant][location:atlanta, ga]) [item type == "reviews"]
	</title>
	<link rel='alternate' type='text/html' href='http://base.google.com' />
	<link rel='http://schemas.google.com/g/2005#feed' type='application/atom+xml'
		href='http://www.google.com/base/feeds/snippets' />
	<link rel='http://schemas.google.com/g/2005#batch' type='application/atom+xml'
		href='http://www.google.com/base/feeds/snippets/batch' />
	<link rel='self' type='application/atom+xml'
		href='http://www.google.com/base/feeds/snippets/-/reviews?start-index=1&amp;max-results=8&amp;bq=%5Breview+type%3Arestaurant%5D%5Blocation%3Aatlanta%2C+ga%5D' />
	<link rel='next' type='application/atom+xml'
		href='http://www.google.com/base/feeds/snippets/-/reviews?start-index=9&amp;max-results=8&amp;bq=%5Breview+type%3Arestaurant%5D%5Blocation%3Aatlanta%2C+ga%5D' />
	<author>
		<name>Google Inc.</name>
		<email>base@google.com</email>
	</author>
	<generator version='1.0' uri='http://base.google.com'>GoogleBase</generator>
	<openSearch:totalResults>199</openSearch:totalResults>
	<openSearch:startIndex>1</openSearch:startIndex>
	<openSearch:itemsPerPage>8</openSearch:itemsPerPage>
	<entry>
		<id>http://www.google.com/base/feeds/snippets/17144211664431929678
		</id>
		<published>2008-05-15T21:51:08.000Z
		</published>
		<updated>2008-05-15T21:51:08.000Z</updated>
		<category scheme='http://base.google.com/categories/itemtypes'
			term='Reviews' />
		<title type='text'>Restaurant Review for Hooters Restaurant
		</title>
		<content type='html'>The H00ters Employee handbook says of
			service: "The H00ters concept is based on female s ex appeal and the
			work environment is one in which joking and s exual innuendo based on
			female s ex appeal...</content>
		<link rel='alternate' type='text/html'
			href='http://www.local.com/details/12901234/atlanta-ga/hooters-restaurant.aspx' />
		<link rel='self' type='application/atom+xml'
			href='http://www.google.com/base/feeds/snippets/17144211664431929678' />
		<author>
			<name>Local.com</name>
		</author>
		<g:id type='text'>12901234</g:id>
		<g:target_country type='text'>US</g:target_country>
		<g:review_type type='text'>American Restaurant
		</g:review_type>
		<g:location type='location'>209 Peachtree St Ne, Atlanta, GA 30303
		</g:location>
		<g:name_of_item_reviewed type='text'>Hooters
			Restaurant</g:name_of_item_reviewed>
		<g:expiration_date type='dateTime'>2038-01-19T03:14:07Z
		</g:expiration_date>
		<g:rating type='text'>3 Stars</g:rating>
		<g:customer_id type='int'>3640352</g:customer_id>
		<g:item_type type='text'>Reviews</g:item_type>
		<g:item_language type='text'>EN</g:item_language>
	</entry>
	<entry>
		<id>http://www.google.com/base/feeds/snippets/8196458401907470440
		</id>
		<published>2008-05-15T21:51:08.000Z
		</published>
		<updated>2008-05-15T21:51:08.000Z</updated>
		<category scheme='http://base.google.com/categories/itemtypes'
			term='Reviews' />
		<title type='text'>Restaurant Review for Capital Grille
		</title>
		<content type='html'>When you go to a place with a price tag like
			this, you have quite high expectations. Capital Grille failed very
		</content>
		<link rel='alternate' type='text/html'
			href='http://www.local.com/details/13082556/atlanta-ga/capital-grille.aspx' />
		<link rel='self' type='application/atom+xml'
			href='http://www.google.com/base/feeds/snippets/8196458401907470440' />
		<author>
			<name>Local.com</name>
		</author>
		<g:id type='text'>13082556</g:id>
		<g:target_country type='text'>US</g:target_country>
		<g:review_type type='text'>American Restaurant
		</g:review_type>
		<g:location type='location'>255 E Paces Ferry Rd Ne, Atlanta, GA
			30305</g:location>
		<g:name_of_item_reviewed type='text'>Capital
			Grille</g:name_of_item_reviewed>
		<g:expiration_date type='dateTime'>2038-01-19T03:14:07Z
		</g:expiration_date>
		<g:rating type='text'>5 Stars</g:rating>
		<g:customer_id type='int'>3640352</g:customer_id>
		<g:item_type type='text'>Reviews</g:item_type>
		<g:item_language type='text'>EN</g:item_language>
	</entry>
	<entry>
		<id>http://www.google.com/base/feeds/snippets/8054552205937472621
		</id>
		<published>2008-05-15T21:51:08.000Z
		</published>
		<updated>2008-05-15T21:51:08.000Z</updated>
		<category scheme='http://base.google.com/categories/itemtypes'
			term='Reviews' />
		<title type='text'>Restaurant Review for DOC Green's</title>
		<content type='html'>Doc Greens is a good place to eat if you are
			only referring to to the food but the location on Powers Ferry has
			THE WORSE customer service. The owners are very prejudice and are the
			only ones that...</content>
		<link rel='alternate' type='text/html'
			href='http://www.local.com/details/3091609/atlanta-ga/doc-green&apos;s.aspx' />
		<link rel='self' type='application/atom+xml'
			href='http://www.google.com/base/feeds/snippets/8054552205937472621' />
		<author>
			<name>Local.com</name>
		</author>
		<g:id type='text'>3091609</g:id>
		<g:target_country type='text'>US</g:target_country>
		<g:location type='location'>2022 Powers Ferry Rd Se, Atlanta, GA
			30339</g:location>
		<g:review_type type='text'>American Restaurant
		</g:review_type>
		<g:name_of_item_reviewed type='text'>DOC Green's
		</g:name_of_item_reviewed>
		<g:expiration_date type='dateTime'>2038-01-19T03:14:07Z
		</g:expiration_date>
		<g:rating type='text'>3 Stars</g:rating>
		<g:customer_id type='int'>3640352</g:customer_id>
		<g:item_type type='text'>Reviews</g:item_type>
		<g:item_language type='text'>EN</g:item_language>
	</entry>
	<entry>
		<id>http://www.google.com/base/feeds/snippets/3142181683615132160
		</id>
		<published>2008-05-15T21:51:08.000Z
		</published>
		<updated>2008-05-15T21:51:08.000Z</updated>
		<category scheme='http://base.google.com/categories/itemtypes'
			term='Reviews' />
		<title type='text'>Restaurant Review for Amf Bowling Centers
			Amf Chamblee Lanes</title>
		<content type='html'>This is my first review on Citysearch. We
			went to this place yesterday with a bunch of my friends. Even though
			the price is on the higher side ($5 for shoes, $6 per game/per person
			before 5pm), we...</content>
		<link rel='alternate' type='text/html'
			href='http://www.local.com/details/51133350/atlanta-ga/amf-bowling-centers-amf-chamblee-lanes.aspx' />
		<link rel='self' type='application/atom+xml'
			href='http://www.google.com/base/feeds/snippets/3142181683615132160' />
		<author>
			<name>Local.com</name>
		</author>
		<g:id type='text'>51133350</g:id>
		<g:target_country type='text'>US</g:target_country>
		<g:review_type type='text'>American Restaurant
		</g:review_type>
		<g:location type='location'>2175 Savoy Dr, Atlanta, GA 30341
		</g:location>
		<g:name_of_item_reviewed type='text'>Amf Bowling
			Centers Amf Chamblee Lanes</g:name_of_item_reviewed>
		<g:expiration_date type='dateTime'>2038-01-19T03:14:07Z
		</g:expiration_date>
		<g:rating type='text'>3 Stars</g:rating>
		<g:customer_id type='int'>3640352</g:customer_id>
		<g:item_type type='text'>Reviews</g:item_type>
		<g:item_language type='text'>EN</g:item_language>
	</entry>
	<entry>
		<id>http://www.google.com/base/feeds/snippets/14368557386690916484
		</id>
		<published>2008-07-08T20:36:33.000Z
		</published>
		<updated>2008-08-15T16:20:25.000Z</updated>
		<category scheme='http://base.google.com/categories/itemtypes'
			term='Reviews' />
		<title type='text'>Review: Cafe Sunflower (2140 Peachtree Rd NW,
			Atlanta, GA)</title>
		<content type='html'>Restaurant review of Cafe Sunflower
		</content>
		<link rel='alternate' type='text/html'
			href='http://www.gusto.com/georgia/atlanta/restaurants/cafesunflower-R247454.html?gc=25' />
		<link rel='self' type='application/atom+xml'
			href='http://www.google.com/base/feeds/snippets/14368557386690916484' />
		<author>
			<name>Gusto</name>
			<email>anon-c5duvf4rptk3@base.google.com
			</email>
		</author>
		<g:location type='location'>2140 Peachtree Rd NW, Atlanta, GA,
			30309</g:location>
		<g:review_type type='text'>Restaurant</g:review_type>
		<g:name_of_item_reviewed type='text'>Cafe
			Sunflower</g:name_of_item_reviewed>
		<g:image_link type='url'>
			http://www.gusto.com/gusto_images/1_10000/6572/feature.jpg
		</g:image_link>
		<g:item_language type='text'>EN</g:item_language>
		<g:id type='text'>
			http://www.gusto.com/georgia/atlanta/restaurants/cafesunflower-R247454.html?gc=25
		</g:id>
		<g:author type='text'>atlgrrl</g:author>
		<g:target_country type='text'>US</g:target_country>
		<g:expiration_date type='dateTime'>2038-01-19T03:14:07Z
		</g:expiration_date>
		<g:rating type='text'>96 out of 100</g:rating>
		<g:reviewer_type type='text'>user</g:reviewer_type>
		<g:customer_id type='int'>1366173</g:customer_id>
		<g:item_type type='text'>Reviews</g:item_type>
	</entry>
	<entry>
		<id>http://www.google.com/base/feeds/snippets/14280474906816698297
		</id>
		<published>2008-07-08T20:36:33.000Z
		</published>
		<updated>2008-08-15T16:20:25.000Z</updated>
		<category scheme='http://base.google.com/categories/itemtypes'
			term='Reviews' />
		<title type='text'>Review: Spondivits (1219 Virginia Ave,
			Atlanta, GA)</title>
		<content type='html'>Restaurant review of Spondivits
		</content>
		<link rel='alternate' type='text/html'
			href='http://www.gusto.com/georgia/atlanta/restaurants/spondivits-R357198.html?gc=25' />
		<link rel='self' type='application/atom+xml'
			href='http://www.google.com/base/feeds/snippets/14280474906816698297' />
		<author>
			<name>Gusto</name>
			<email>anon-c5duvf4rptk3@base.google.com
			</email>
		</author>
		<g:review_type type='text'>Restaurant</g:review_type>
		<g:location type='location'>1219 Virginia Ave, Atlanta, GA, 30344
		</g:location>
		<g:name_of_item_reviewed type='text'>Spondivits
		</g:name_of_item_reviewed>
		<g:image_link type='url'>
			http://www.gusto.com/gusto_images/1_10000/9071/feature.gif
		</g:image_link>
		<g:item_language type='text'>EN</g:item_language>
		<g:id type='text'>
			http://www.gusto.com/georgia/atlanta/restaurants/spondivits-R357198.html?gc=25
		</g:id>
		<g:author type='text'>Tmanuel</g:author>
		<g:target_country type='text'>US</g:target_country>
		<g:expiration_date type='dateTime'>2038-01-19T03:14:07Z
		</g:expiration_date>
		<g:rating type='text'>40 out of 100</g:rating>
		<g:reviewer_type type='text'>user</g:reviewer_type>
		<g:customer_id type='int'>1366173</g:customer_id>
		<g:item_type type='text'>Reviews</g:item_type>
	</entry>
	<entry>
		<id>http://www.google.com/base/feeds/snippets/13744877473628777134
		</id>
		<published>2008-07-08T20:36:33.000Z
		</published>
		<updated>2008-08-15T16:20:25.000Z</updated>
		<category scheme='http://base.google.com/categories/itemtypes'
			term='Reviews' />
		<title type='text'>Review: Mary Mac's Tea Room (224 Ponce De
			Leon Ave NE, Atlanta, GA)</title>
		<content type='html'>Restaurant review of Mary Mac's Tea
			Room</content>
		<link rel='alternate' type='text/html'
			href='http://www.gusto.com/georgia/atlanta/restaurants/marymacstearoom-R247707.html?gc=25' />
		<link rel='self' type='application/atom+xml'
			href='http://www.google.com/base/feeds/snippets/13744877473628777134' />
		<author>
			<name>Gusto</name>
			<email>anon-c5duvf4rptk3@base.google.com
			</email>
		</author>
		<g:location type='location'>224 Ponce De Leon Ave NE, Atlanta, GA,
			30308</g:location>
		<g:review_type type='text'>Restaurant</g:review_type>
		<g:name_of_item_reviewed type='text'>Mary Mac's
			Tea Room</g:name_of_item_reviewed>
		<g:image_link type='url'>
			http://www.gusto.com/gusto_images/1_10000/4123/feature.jpg
		</g:image_link>
		<g:item_language type='text'>EN</g:item_language>
		<g:id type='text'>
			http://www.gusto.com/georgia/atlanta/restaurants/marymacstearoom-R247707.html?gc=25
		</g:id>
		<g:author type='text'>retirees</g:author>
		<g:target_country type='text'>US</g:target_country>
		<g:expiration_date type='dateTime'>2038-01-19T03:14:07Z
		</g:expiration_date>
		<g:rating type='text'>93 out of 100</g:rating>
		<g:reviewer_type type='text'>user</g:reviewer_type>
		<g:customer_id type='int'>1366173</g:customer_id>
		<g:item_type type='text'>Reviews</g:item_type>
	</entry>
	<entry>
		<id>http://www.google.com/base/feeds/snippets/12356297343934308315
		</id>
		<published>2008-07-08T20:36:33.000Z
		</published>
		<updated>2008-08-15T16:20:25.000Z</updated>
		<category scheme='http://base.google.com/categories/itemtypes'
			term='Reviews' />
		<title type='text'>Review: Atkins Park Restaurant (794 N
			Highland Ave NE, Atlanta, GA)</title>
		<content type='html'>Restaurant review of Atkins Park
			Restaurant</content>
		<link rel='alternate' type='text/html'
			href='http://www.gusto.com/georgia/atlanta/restaurants/atkinsparkrestaurant-R247396.html?gc=25' />
		<link rel='self' type='application/atom+xml'
			href='http://www.google.com/base/feeds/snippets/12356297343934308315' />
		<author>
			<name>Gusto</name>
			<email>anon-c5duvf4rptk3@base.google.com
			</email>
		</author>
		<g:location type='location'>794 N Highland Ave NE, Atlanta, GA,
			30306</g:location>
		<g:review_type type='text'>Restaurant</g:review_type>
		<g:name_of_item_reviewed type='text'>Atkins
			Park Restaurant</g:name_of_item_reviewed>
		<g:image_link type='url'>
			http://www.gusto.com/gusto_images/1_10000/7126/feature.jpg
		</g:image_link>
		<g:item_language type='text'>EN</g:item_language>
		<g:id type='text'>
			http://www.gusto.com/georgia/atlanta/restaurants/atkinsparkrestaurant-R247396.html?gc=25
		</g:id>
		<g:author type='text'>Concierge</g:author>
		<g:target_country type='text'>US</g:target_country>
		<g:expiration_date type='dateTime'>2038-01-19T03:14:07Z
		</g:expiration_date>
		<g:rating type='text'>60 out of 100</g:rating>
		<g:reviewer_type type='text'>user</g:reviewer_type>
		<g:customer_id type='int'>1366173</g:customer_id>
		<g:item_type type='text'>Reviews</g:item_type>
	</entry>
</feed>