<?xml version="1.0" encoding="UTF-8"?>
<ti:app xmlns:ti="http://ti.appcelerator.org">
   <id>com.ai.titanium.android.AndroidTest1</id>
   <name>AndroidTest1</name>
   <version>1.0</version>
   <icon>appicon.png</icon>
   <persistent-wifi>false</persistent-wifi>
   <prerendered-icon>false</prerendered-icon>
   <statusbar-style>opaque</statusbar-style>
   <windows>
      <window>
         <id>initial</id>
         <url>index.html</url>
         <backgroundColor>#111</backgroundColor>
         <icon>ti://featured</icon>
         <barColor>#000</barColor>
         <fullscreen>false</fullscreen>
      </window>
      <window>
         <id>about</id>
         <url>about.html</url>
         <backgroundColor>#111</backgroundColor>
         <icon>ti://top rated</icon>
         <barColor>#000</barColor>
         <fullscreen>false</fullscreen>
      </window>
   </windows>
</ti:app>
