<?xml version="1.0" encoding="utf-8"?>
<manifest xmlns:android="http://schemas.android.com/apk/res/android"
   package="your-package-name-goes-here "
   android:versionCode="1"
   android:versionName="1.0.0">
   <application android:icon="@drawable/icon" android:label="Sample Menus">
      <activity android:name=".SampleMenusActivity"
                android:label="Sample Menus Application">
         <intent-filter>
            <action android:name="android.intent.action.MAIN" />
            <category android:name="android.intent.category.LAUNCHER" />
         </intent-filter>
      </activity>
   </application>
</manifest>


